seed_model,alpha,interp_type,acc_t1,acc_t3,gain
0,0.0,zero,0.850000,0.850000,0.000000
0,0.0,shuffle,0.850000,0.680000,-0.170000
0,0.0,clone,0.850000,0.820000,-0.030000
0,0.1,zero,0.850000,0.860000,0.010000
0,0.1,shuffle,0.850000,0.690000,-0.160000
0,0.1,clone,0.850000,0.830000,-0.020000
0,0.2,zero,0.850000,0.865000,0.015000
0,0.2,shuffle,0.850000,0.745000,-0.105000
0,0.2,clone,0.850000,0.840000,-0.010000
0,0.3,zero,0.850000,0.870000,0.020000
0,0.3,shuffle,0.850000,0.780000,-0.070000
0,0.3,clone,0.850000,0.860000,0.010000
0,0.4,zero,0.850000,0.865000,0.015000
0,0.4,shuffle,0.850000,0.800000,-0.050000
0,0.4,clone,0.850000,0.865000,0.015000
0,0.5,zero,0.850000,0.860000,0.010000
0,0.5,shuffle,0.850000,0.830000,-0.020000
0,0.5,clone,0.850000,0.855000,0.005000
0,0.6,zero,0.850000,0.855000,0.005000
0,0.6,shuffle,0.850000,0.850000,0.000000
0,0.6,clone,0.850000,0.855000,0.005000
0,0.7,zero,0.850000,0.850000,0.000000
0,0.7,shuffle,0.850000,0.850000,0.000000
0,0.7,clone,0.850000,0.860000,0.010000
0,0.8,zero,0.850000,0.840000,-0.010000
0,0.8,shuffle,0.850000,0.845000,-0.005000
0,0.8,clone,0.850000,0.855000,0.005000
0,0.9,zero,0.850000,0.840000,-0.010000
0,0.9,shuffle,0.850000,0.850000,0.000000
0,0.9,clone,0.850000,0.850000,0.000000
0,1.0,zero,0.850000,0.835000,-0.015000
0,1.0,shuffle,0.850000,0.835000,-0.015000
0,1.0,clone,0.850000,0.835000,-0.015000
1,0.0,zero,0.735000,0.735000,0.000000
1,0.0,shuffle,0.735000,0.570000,-0.165000
1,0.0,clone,0.735000,0.785000,0.050000
1,0.1,zero,0.735000,0.770000,0.035000
1,0.1,shuffle,0.735000,0.610000,-0.125000
1,0.1,clone,0.735000,0.810000,0.075000
1,0.2,zero,0.735000,0.790000,0.055000
1,0.2,shuffle,0.735000,0.650000,-0.085000
1,0.2,clone,0.735000,0.810000,0.075000
1,0.3,zero,0.735000,0.810000,0.075000
1,0.3,shuffle,0.735000,0.715000,-0.020000
1,0.3,clone,0.735000,0.805000,0.070000
1,0.4,zero,0.735000,0.815000,0.080000
1,0.4,shuffle,0.735000,0.730000,-0.005000
1,0.4,clone,0.735000,0.800000,0.065000
1,0.5,zero,0.735000,0.815000,0.080000
1,0.5,shuffle,0.735000,0.740000,0.005000
1,0.5,clone,0.735000,0.810000,0.075000
1,0.6,zero,0.735000,0.820000,0.085000
1,0.6,shuffle,0.735000,0.790000,0.055000
1,0.6,clone,0.735000,0.825000,0.090000
1,0.7,zero,0.735000,0.835000,0.100000
1,0.7,shuffle,0.735000,0.795000,0.060000
1,0.7,clone,0.735000,0.830000,0.095000
1,0.8,zero,0.735000,0.840000,0.105000
1,0.8,shuffle,0.735000,0.810000,0.075000
1,0.8,clone,0.735000,0.835000,0.100000
1,0.9,zero,0.735000,0.835000,0.100000
1,0.9,shuffle,0.735000,0.835000,0.100000
1,0.9,clone,0.735000,0.845000,0.110000
1,1.0,zero,0.735000,0.845000,0.110000
1,1.0,shuffle,0.735000,0.845000,0.110000
1,1.0,clone,0.735000,0.845000,0.110000
2,0.0,zero,0.670000,0.670000,0.000000
2,0.0,shuffle,0.670000,0.695000,0.025000
2,0.0,clone,0.670000,0.680000,0.010000
2,0.1,zero,0.670000,0.695000,0.025000
2,0.1,shuffle,0.670000,0.720000,0.050000
2,0.1,clone,0.670000,0.685000,0.015000
2,0.2,zero,0.670000,0.735000,0.065000
2,0.2,shuffle,0.670000,0.755000,0.085000
2,0.2,clone,0.670000,0.705000,0.035000
2,0.3,zero,0.670000,0.735000,0.065000
2,0.3,shuffle,0.670000,0.790000,0.120000
2,0.3,clone,0.670000,0.730000,0.060000
2,0.4,zero,0.670000,0.740000,0.070000
2,0.4,shuffle,0.670000,0.785000,0.115000
2,0.4,clone,0.670000,0.745000,0.075000
2,0.5,zero,0.670000,0.750000,0.080000
2,0.5,shuffle,0.670000,0.800000,0.130000
2,0.5,clone,0.670000,0.750000,0.080000
2,0.6,zero,0.670000,0.770000,0.100000
2,0.6,shuffle,0.670000,0.810000,0.140000
2,0.6,clone,0.670000,0.760000,0.090000
2,0.7,zero,0.670000,0.765000,0.095000
2,0.7,shuffle,0.670000,0.795000,0.125000
2,0.7,clone,0.670000,0.775000,0.105000
2,0.8,zero,0.670000,0.770000,0.100000
2,0.8,shuffle,0.670000,0.795000,0.125000
2,0.8,clone,0.670000,0.775000,0.105000
2,0.9,zero,0.670000,0.770000,0.100000
2,0.9,shuffle,0.670000,0.795000,0.125000
2,0.9,clone,0.670000,0.790000,0.120000
2,1.0,zero,0.670000,0.775000,0.105000
2,1.0,shuffle,0.670000,0.775000,0.105000
2,1.0,clone,0.670000,0.775000,0.105000
3,0.0,zero,0.675000,0.675000,0.000000
3,0.0,shuffle,0.675000,0.620000,-0.055000
3,0.0,clone,0.675000,0.485000,-0.190000
3,0.1,zero,0.675000,0.700000,0.025000
3,0.1,shuffle,0.675000,0.640000,-0.035000
3,0.1,clone,0.675000,0.525000,-0.150000
3,0.2,zero,0.675000,0.730000,0.055000
3,0.2,shuffle,0.675000,0.655000,-0.020000
3,0.2,clone,0.675000,0.550000,-0.125000
3,0.3,zero,0.675000,0.760000,0.085000
3,0.3,shuffle,0.675000,0.670000,-0.005000
3,0.3,clone,0.675000,0.585000,-0.090000
3,0.4,zero,0.675000,0.755000,0.080000
3,0.4,shuffle,0.675000,0.700000,0.025000
3,0.4,clone,0.675000,0.620000,-0.055000
3,0.5,zero,0.675000,0.750000,0.075000
3,0.5,shuffle,0.675000,0.705000,0.030000
3,0.5,clone,0.675000,0.650000,-0.025000
3,0.6,zero,0.675000,0.745000,0.070000
3,0.6,shuffle,0.675000,0.710000,0.035000
3,0.6,clone,0.675000,0.695000,0.020000
3,0.7,zero,0.675000,0.745000,0.070000
3,0.7,shuffle,0.675000,0.715000,0.040000
3,0.7,clone,0.675000,0.715000,0.040000
3,0.8,zero,0.675000,0.760000,0.085000
3,0.8,shuffle,0.675000,0.740000,0.065000
3,0.8,clone,0.675000,0.725000,0.050000
3,0.9,zero,0.675000,0.765000,0.090000
3,0.9,shuffle,0.675000,0.750000,0.075000
3,0.9,clone,0.675000,0.740000,0.065000
3,1.0,zero,0.675000,0.745000,0.070000
3,1.0,shuffle,0.675000,0.745000,0.070000
3,1.0,clone,0.675000,0.745000,0.070000
4,0.0,zero,0.765000,0.765000,0.000000
4,0.0,shuffle,0.765000,0.770000,0.005000
4,0.0,clone,0.765000,0.575000,-0.190000
4,0.1,zero,0.765000,0.770000,0.005000
4,0.1,shuffle,0.765000,0.785000,0.020000
4,0.1,clone,0.765000,0.580000,-0.185000
4,0.2,zero,0.765000,0.790000,0.025000
4,0.2,shuffle,0.765000,0.805000,0.040000
4,0.2,clone,0.765000,0.605000,-0.160000
4,0.3,zero,0.765000,0.805000,0.040000
4,0.3,shuffle,0.765000,0.800000,0.035000
4,0.3,clone,0.765000,0.635000,-0.130000
4,0.4,zero,0.765000,0.810000,0.045000
4,0.4,shuffle,0.765000,0.820000,0.055000
4,0.4,clone,0.765000,0.655000,-0.110000
4,0.5,zero,0.765000,0.820000,0.055000
4,0.5,shuffle,0.765000,0.835000,0.070000
4,0.5,clone,0.765000,0.715000,-0.050000
4,0.6,zero,0.765000,0.825000,0.060000
4,0.6,shuffle,0.765000,0.845000,0.080000
4,0.6,clone,0.765000,0.740000,-0.025000
4,0.7,zero,0.765000,0.830000,0.065000
4,0.7,shuffle,0.765000,0.850000,0.085000
4,0.7,clone,0.765000,0.780000,0.015000
4,0.8,zero,0.765000,0.840000,0.075000
4,0.8,shuffle,0.765000,0.845000,0.080000
4,0.8,clone,0.765000,0.780000,0.015000
4,0.9,zero,0.765000,0.845000,0.080000
4,0.9,shuffle,0.765000,0.840000,0.075000
4,0.9,clone,0.765000,0.800000,0.035000
4,1.0,zero,0.765000,0.850000,0.085000
4,1.0,shuffle,0.765000,0.850000,0.085000
4,1.0,clone,0.765000,0.850000,0.085000
5,0.0,zero,0.745000,0.745000,0.000000
5,0.0,shuffle,0.745000,0.710000,-0.035000
5,0.0,clone,0.745000,0.760000,0.015000
5,0.1,zero,0.745000,0.765000,0.020000
5,0.1,shuffle,0.745000,0.715000,-0.030000
5,0.1,clone,0.745000,0.765000,0.020000
5,0.2,zero,0.745000,0.790000,0.045000
5,0.2,shuffle,0.745000,0.740000,-0.005000
5,0.2,clone,0.745000,0.765000,0.020000
5,0.3,zero,0.745000,0.785000,0.040000
5,0.3,shuffle,0.745000,0.755000,0.010000
5,0.3,clone,0.745000,0.775000,0.030000
5,0.4,zero,0.745000,0.790000,0.045000
5,0.4,shuffle,0.745000,0.765000,0.020000
5,0.4,clone,0.745000,0.785000,0.040000
5,0.5,zero,0.745000,0.795000,0.050000
5,0.5,shuffle,0.745000,0.760000,0.015000
5,0.5,clone,0.745000,0.785000,0.040000
5,0.6,zero,0.745000,0.790000,0.045000
5,0.6,shuffle,0.745000,0.765000,0.020000
5,0.6,clone,0.745000,0.810000,0.065000
5,0.7,zero,0.745000,0.785000,0.040000
5,0.7,shuffle,0.745000,0.775000,0.030000
5,0.7,clone,0.745000,0.805000,0.060000
5,0.8,zero,0.745000,0.790000,0.045000
5,0.8,shuffle,0.745000,0.785000,0.040000
5,0.8,clone,0.745000,0.785000,0.040000
5,0.9,zero,0.745000,0.780000,0.035000
5,0.9,shuffle,0.745000,0.785000,0.040000
5,0.9,clone,0.745000,0.785000,0.040000
5,1.0,zero,0.745000,0.780000,0.035000
5,1.0,shuffle,0.745000,0.780000,0.035000
5,1.0,clone,0.745000,0.780000,0.035000
6,0.0,zero,0.765000,0.765000,0.000000
6,0.0,shuffle,0.765000,0.675000,-0.090000
6,0.0,clone,0.765000,0.735000,-0.030000
6,0.1,zero,0.765000,0.780000,0.015000
6,0.1,shuffle,0.765000,0.685000,-0.080000
6,0.1,clone,0.765000,0.730000,-0.035000
6,0.2,zero,0.765000,0.790000,0.025000
6,0.2,shuffle,0.765000,0.720000,-0.045000
6,0.2,clone,0.765000,0.745000,-0.020000
6,0.3,zero,0.765000,0.805000,0.040000
6,0.3,shuffle,0.765000,0.760000,-0.005000
6,0.3,clone,0.765000,0.750000,-0.015000
6,0.4,zero,0.765000,0.775000,0.010000
6,0.4,shuffle,0.765000,0.760000,-0.005000
6,0.4,clone,0.765000,0.745000,-0.020000
6,0.5,zero,0.765000,0.775000,0.010000
6,0.5,shuffle,0.765000,0.765000,0.000000
6,0.5,clone,0.765000,0.750000,-0.015000
6,0.6,zero,0.765000,0.780000,0.015000
6,0.6,shuffle,0.765000,0.785000,0.020000
6,0.6,clone,0.765000,0.750000,-0.015000
6,0.7,zero,0.765000,0.775000,0.010000
6,0.7,shuffle,0.765000,0.780000,0.015000
6,0.7,clone,0.765000,0.755000,-0.010000
6,0.8,zero,0.765000,0.770000,0.005000
6,0.8,shuffle,0.765000,0.785000,0.020000
6,0.8,clone,0.765000,0.745000,-0.020000
6,0.9,zero,0.765000,0.770000,0.005000
6,0.9,shuffle,0.765000,0.785000,0.020000
6,0.9,clone,0.765000,0.765000,0.000000
6,1.0,zero,0.765000,0.770000,0.005000
6,1.0,shuffle,0.765000,0.770000,0.005000
6,1.0,clone,0.765000,0.770000,0.005000
7,0.0,zero,0.810000,0.810000,0.000000
7,0.0,shuffle,0.810000,0.635000,-0.175000
7,0.0,clone,0.810000,0.700000,-0.110000
7,0.1,zero,0.810000,0.835000,0.025000
7,0.1,shuffle,0.810000,0.680000,-0.130000
7,0.1,clone,0.810000,0.730000,-0.080000
7,0.2,zero,0.810000,0.860000,0.050000
7,0.2,shuffle,0.810000,0.720000,-0.090000
7,0.2,clone,0.810000,0.740000,-0.070000
7,0.3,zero,0.810000,0.860000,0.050000
7,0.3,shuffle,0.810000,0.755000,-0.055000
7,0.3,clone,0.810000,0.760000,-0.050000
7,0.4,zero,0.810000,0.855000,0.045000
7,0.4,shuffle,0.810000,0.795000,-0.015000
7,0.4,clone,0.810000,0.795000,-0.015000
7,0.5,zero,0.810000,0.855000,0.045000
7,0.5,shuffle,0.810000,0.840000,0.030000
7,0.5,clone,0.810000,0.815000,0.005000
7,0.6,zero,0.810000,0.860000,0.050000
7,0.6,shuffle,0.810000,0.850000,0.040000
7,0.6,clone,0.810000,0.830000,0.020000
7,0.7,zero,0.810000,0.870000,0.060000
7,0.7,shuffle,0.810000,0.855000,0.045000
7,0.7,clone,0.810000,0.855000,0.045000
7,0.8,zero,0.810000,0.865000,0.055000
7,0.8,shuffle,0.810000,0.860000,0.050000
7,0.8,clone,0.810000,0.865000,0.055000
7,0.9,zero,0.810000,0.865000,0.055000
7,0.9,shuffle,0.810000,0.855000,0.045000
7,0.9,clone,0.810000,0.865000,0.055000
7,1.0,zero,0.810000,0.855000,0.045000
7,1.0,shuffle,0.810000,0.855000,0.045000
7,1.0,clone,0.810000,0.855000,0.045000
8,0.0,zero,0.685000,0.685000,0.000000
8,0.0,shuffle,0.685000,0.730000,0.045000
8,0.0,clone,0.685000,0.705000,0.020000
8,0.1,zero,0.685000,0.725000,0.040000
8,0.1,shuffle,0.685000,0.735000,0.050000
8,0.1,clone,0.685000,0.710000,0.025000
8,0.2,zero,0.685000,0.760000,0.075000
8,0.2,shuffle,0.685000,0.735000,0.050000
8,0.2,clone,0.685000,0.735000,0.050000
8,0.3,zero,0.685000,0.765000,0.080000
8,0.3,shuffle,0.685000,0.740000,0.055000
8,0.3,clone,0.685000,0.745000,0.060000
8,0.4,zero,0.685000,0.790000,0.105000
8,0.4,shuffle,0.685000,0.745000,0.060000
8,0.4,clone,0.685000,0.755000,0.070000
8,0.5,zero,0.685000,0.795000,0.110000
8,0.5,shuffle,0.685000,0.745000,0.060000
8,0.5,clone,0.685000,0.770000,0.085000
8,0.6,zero,0.685000,0.810000,0.125000
8,0.6,shuffle,0.685000,0.755000,0.070000
8,0.6,clone,0.685000,0.780000,0.095000
8,0.7,zero,0.685000,0.805000,0.120000
8,0.7,shuffle,0.685000,0.760000,0.075000
8,0.7,clone,0.685000,0.805000,0.120000
8,0.8,zero,0.685000,0.800000,0.115000
8,0.8,shuffle,0.685000,0.765000,0.080000
8,0.8,clone,0.685000,0.820000,0.135000
8,0.9,zero,0.685000,0.795000,0.110000
8,0.9,shuffle,0.685000,0.785000,0.100000
8,0.9,clone,0.685000,0.800000,0.115000
8,1.0,zero,0.685000,0.780000,0.095000
8,1.0,shuffle,0.685000,0.780000,0.095000
8,1.0,clone,0.685000,0.780000,0.095000
9,0.0,zero,0.800000,0.800000,0.000000
9,0.0,shuffle,0.800000,0.710000,-0.090000
9,0.0,clone,0.800000,0.690000,-0.110000
9,0.1,zero,0.800000,0.805000,0.005000
9,0.1,shuffle,0.800000,0.745000,-0.055000
9,0.1,clone,0.800000,0.710000,-0.090000
9,0.2,zero,0.800000,0.825000,0.025000
9,0.2,shuffle,0.800000,0.750000,-0.050000
9,0.2,clone,0.800000,0.715000,-0.085000
9,0.3,zero,0.800000,0.840000,0.040000
9,0.3,shuffle,0.800000,0.770000,-0.030000
9,0.3,clone,0.800000,0.725000,-0.075000
9,0.4,zero,0.800000,0.835000,0.035000
9,0.4,shuffle,0.800000,0.790000,-0.010000
9,0.4,clone,0.800000,0.755000,-0.045000
9,0.5,zero,0.800000,0.830000,0.030000
9,0.5,shuffle,0.800000,0.815000,0.015000
9,0.5,clone,0.800000,0.780000,-0.020000
9,0.6,zero,0.800000,0.840000,0.040000
9,0.6,shuffle,0.800000,0.810000,0.010000
9,0.6,clone,0.800000,0.795000,-0.005000
9,0.7,zero,0.800000,0.835000,0.035000
9,0.7,shuffle,0.800000,0.805000,0.005000
9,0.7,clone,0.800000,0.790000,-0.010000
9,0.8,zero,0.800000,0.830000,0.030000
9,0.8,shuffle,0.800000,0.800000,0.000000
9,0.8,clone,0.800000,0.800000,0.000000
9,0.9,zero,0.800000,0.830000,0.030000
9,0.9,shuffle,0.800000,0.810000,0.010000
9,0.9,clone,0.800000,0.815000,0.015000
9,1.0,zero,0.800000,0.830000,0.030000
9,1.0,shuffle,0.800000,0.830000,0.030000
9,1.0,clone,0.800000,0.830000,0.030000
10,0.0,zero,0.720000,0.720000,0.000000
10,0.0,shuffle,0.720000,0.560000,-0.160000
10,0.0,clone,0.720000,0.515000,-0.205000
10,0.1,zero,0.720000,0.745000,0.025000
10,0.1,shuffle,0.720000,0.600000,-0.120000
10,0.1,clone,0.720000,0.525000,-0.195000
10,0.2,zero,0.720000,0.755000,0.035000
10,0.2,shuffle,0.720000,0.620000,-0.100000
10,0.2,clone,0.720000,0.530000,-0.190000
10,0.3,zero,0.720000,0.775000,0.055000
10,0.3,shuffle,0.720000,0.665000,-0.055000
10,0.3,clone,0.720000,0.545000,-0.175000
10,0.4,zero,0.720000,0.785000,0.065000
10,0.4,shuffle,0.720000,0.695000,-0.025000
10,0.4,clone,0.720000,0.570000,-0.150000
10,0.5,zero,0.720000,0.765000,0.045000
10,0.5,shuffle,0.720000,0.690000,-0.030000
10,0.5,clone,0.720000,0.590000,-0.130000
10,0.6,zero,0.720000,0.775000,0.055000
10,0.6,shuffle,0.720000,0.700000,-0.020000
10,0.6,clone,0.720000,0.630000,-0.090000
10,0.7,zero,0.720000,0.770000,0.050000
10,0.7,shuffle,0.720000,0.735000,0.015000
10,0.7,clone,0.720000,0.675000,-0.045000
10,0.8,zero,0.720000,0.760000,0.040000
10,0.8,shuffle,0.720000,0.760000,0.040000
10,0.8,clone,0.720000,0.715000,-0.005000
10,0.9,zero,0.720000,0.755000,0.035000
10,0.9,shuffle,0.720000,0.785000,0.065000
10,0.9,clone,0.720000,0.750000,0.030000
10,1.0,zero,0.720000,0.750000,0.030000
10,1.0,shuffle,0.720000,0.750000,0.030000
10,1.0,clone,0.720000,0.750000,0.030000
11,0.0,zero,0.735000,0.735000,0.000000
11,0.0,shuffle,0.735000,0.610000,-0.125000
11,0.0,clone,0.735000,0.565000,-0.170000
11,0.1,zero,0.735000,0.750000,0.015000
11,0.1,shuffle,0.735000,0.615000,-0.120000
11,0.1,clone,0.735000,0.600000,-0.135000
11,0.2,zero,0.735000,0.745000,0.010000
11,0.2,shuffle,0.735000,0.620000,-0.115000
11,0.2,clone,0.735000,0.630000,-0.105000
11,0.3,zero,0.735000,0.755000,0.020000
11,0.3,shuffle,0.735000,0.630000,-0.105000
11,0.3,clone,0.735000,0.660000,-0.075000
11,0.4,zero,0.735000,0.770000,0.035000
11,0.4,shuffle,0.735000,0.650000,-0.085000
11,0.4,clone,0.735000,0.680000,-0.055000
11,0.5,zero,0.735000,0.775000,0.040000
11,0.5,shuffle,0.735000,0.695000,-0.040000
11,0.5,clone,0.735000,0.695000,-0.040000
11,0.6,zero,0.735000,0.775000,0.040000
11,0.6,shuffle,0.735000,0.720000,-0.015000
11,0.6,clone,0.735000,0.695000,-0.040000
11,0.7,zero,0.735000,0.765000,0.030000
11,0.7,shuffle,0.735000,0.735000,0.000000
11,0.7,clone,0.735000,0.725000,-0.010000
11,0.8,zero,0.735000,0.760000,0.025000
11,0.8,shuffle,0.735000,0.760000,0.025000
11,0.8,clone,0.735000,0.745000,0.010000
11,0.9,zero,0.735000,0.765000,0.030000
11,0.9,shuffle,0.735000,0.760000,0.025000
11,0.9,clone,0.735000,0.760000,0.025000
11,1.0,zero,0.735000,0.770000,0.035000
11,1.0,shuffle,0.735000,0.770000,0.035000
11,1.0,clone,0.735000,0.770000,0.035000
12,0.0,zero,0.695000,0.695000,0.000000
12,0.0,shuffle,0.695000,0.550000,-0.145000
12,0.0,clone,0.695000,0.635000,-0.060000
12,0.1,zero,0.695000,0.720000,0.025000
12,0.1,shuffle,0.695000,0.565000,-0.130000
12,0.1,clone,0.695000,0.650000,-0.045000
12,0.2,zero,0.695000,0.755000,0.060000
12,0.2,shuffle,0.695000,0.600000,-0.095000
12,0.2,clone,0.695000,0.700000,0.005000
12,0.3,zero,0.695000,0.770000,0.075000
12,0.3,shuffle,0.695000,0.670000,-0.025000
12,0.3,clone,0.695000,0.715000,0.020000
12,0.4,zero,0.695000,0.795000,0.100000
12,0.4,shuffle,0.695000,0.710000,0.015000
12,0.4,clone,0.695000,0.745000,0.050000
12,0.5,zero,0.695000,0.795000,0.100000
12,0.5,shuffle,0.695000,0.725000,0.030000
12,0.5,clone,0.695000,0.765000,0.070000
12,0.6,zero,0.695000,0.800000,0.105000
12,0.6,shuffle,0.695000,0.770000,0.075000
12,0.6,clone,0.695000,0.785000,0.090000
12,0.7,zero,0.695000,0.810000,0.115000
12,0.7,shuffle,0.695000,0.795000,0.100000
12,0.7,clone,0.695000,0.785000,0.090000
12,0.8,zero,0.695000,0.810000,0.115000
12,0.8,shuffle,0.695000,0.815000,0.120000
12,0.8,clone,0.695000,0.815000,0.120000
12,0.9,zero,0.695000,0.810000,0.115000
12,0.9,shuffle,0.695000,0.820000,0.125000
12,0.9,clone,0.695000,0.810000,0.115000
12,1.0,zero,0.695000,0.815000,0.120000
12,1.0,shuffle,0.695000,0.815000,0.120000
12,1.0,clone,0.695000,0.815000,0.120000
13,0.0,zero,0.745000,0.745000,0.000000
13,0.0,shuffle,0.745000,0.525000,-0.220000
13,0.0,clone,0.745000,0.605000,-0.140000
13,0.1,zero,0.745000,0.750000,0.005000
13,0.1,shuffle,0.745000,0.540000,-0.205000
13,0.1,clone,0.745000,0.630000,-0.115000
13,0.2,zero,0.745000,0.740000,-0.005000
13,0.2,shuffle,0.745000,0.585000,-0.160000
13,0.2,clone,0.745000,0.640000,-0.105000
13,0.3,zero,0.745000,0.745000,0.000000
13,0.3,shuffle,0.745000,0.610000,-0.135000
13,0.3,clone,0.745000,0.680000,-0.065000
13,0.4,zero,0.745000,0.740000,-0.005000
13,0.4,shuffle,0.745000,0.645000,-0.100000
13,0.4,clone,0.745000,0.680000,-0.065000
13,0.5,zero,0.745000,0.740000,-0.005000
13,0.5,shuffle,0.745000,0.685000,-0.060000
13,0.5,clone,0.745000,0.690000,-0.055000
13,0.6,zero,0.745000,0.750000,0.005000
13,0.6,shuffle,0.745000,0.695000,-0.050000
13,0.6,clone,0.745000,0.720000,-0.025000
13,0.7,zero,0.745000,0.745000,0.000000
13,0.7,shuffle,0.745000,0.720000,-0.025000
13,0.7,clone,0.745000,0.720000,-0.025000
13,0.8,zero,0.745000,0.745000,0.000000
13,0.8,shuffle,0.745000,0.715000,-0.030000
13,0.8,clone,0.745000,0.750000,0.005000
13,0.9,zero,0.745000,0.755000,0.010000
13,0.9,shuffle,0.745000,0.725000,-0.020000
13,0.9,clone,0.745000,0.745000,0.000000
13,1.0,zero,0.745000,0.755000,0.010000
13,1.0,shuffle,0.745000,0.755000,0.010000
13,1.0,clone,0.745000,0.755000,0.010000
14,0.0,zero,0.665000,0.665000,0.000000
14,0.0,shuffle,0.665000,0.605000,-0.060000
14,0.0,clone,0.665000,0.585000,-0.080000
14,0.1,zero,0.665000,0.690000,0.025000
14,0.1,shuffle,0.665000,0.615000,-0.050000
14,0.1,clone,0.665000,0.620000,-0.045000
14,0.2,zero,0.665000,0.695000,0.030000
14,0.2,shuffle,0.665000,0.640000,-0.025000
14,0.2,clone,0.665000,0.650000,-0.015000
14,0.3,zero,0.665000,0.720000,0.055000
14,0.3,shuffle,0.665000,0.675000,0.010000
14,0.3,clone,0.665000,0.650000,-0.015000
14,0.4,zero,0.665000,0.750000,0.085000
14,0.4,shuffle,0.665000,0.745000,0.080000
14,0.4,clone,0.665000,0.640000,-0.025000
14,0.5,zero,0.665000,0.750000,0.085000
14,0.5,shuffle,0.665000,0.735000,0.070000
14,0.5,clone,0.665000,0.665000,0.000000
14,0.6,zero,0.665000,0.765000,0.100000
14,0.6,shuffle,0.665000,0.755000,0.090000
14,0.6,clone,0.665000,0.685000,0.020000
14,0.7,zero,0.665000,0.765000,0.100000
14,0.7,shuffle,0.665000,0.745000,0.080000
14,0.7,clone,0.665000,0.700000,0.035000
14,0.8,zero,0.665000,0.755000,0.090000
14,0.8,shuffle,0.665000,0.740000,0.075000
14,0.8,clone,0.665000,0.720000,0.055000
14,0.9,zero,0.665000,0.750000,0.085000
14,0.9,shuffle,0.665000,0.740000,0.075000
14,0.9,clone,0.665000,0.740000,0.075000
14,1.0,zero,0.665000,0.750000,0.085000
14,1.0,shuffle,0.665000,0.750000,0.085000
14,1.0,clone,0.665000,0.750000,0.085000
15,0.0,zero,0.610000,0.610000,0.000000
15,0.0,shuffle,0.610000,0.615000,0.005000
15,0.0,clone,0.610000,0.350000,-0.260000
15,0.1,zero,0.610000,0.635000,0.025000
15,0.1,shuffle,0.610000,0.620000,0.010000
15,0.1,clone,0.610000,0.365000,-0.245000
15,0.2,zero,0.610000,0.635000,0.025000
15,0.2,shuffle,0.610000,0.635000,0.025000
15,0.2,clone,0.610000,0.385000,-0.225000
15,0.3,zero,0.610000,0.645000,0.035000
15,0.3,shuffle,0.610000,0.645000,0.035000
15,0.3,clone,0.610000,0.385000,-0.225000
15,0.4,zero,0.610000,0.645000,0.035000
15,0.4,shuffle,0.610000,0.670000,0.060000
15,0.4,clone,0.610000,0.440000,-0.170000
15,0.5,zero,0.610000,0.655000,0.045000
15,0.5,shuffle,0.610000,0.655000,0.045000
15,0.5,clone,0.610000,0.450000,-0.160000
15,0.6,zero,0.610000,0.675000,0.065000
15,0.6,shuffle,0.610000,0.655000,0.045000
15,0.6,clone,0.610000,0.515000,-0.095000
15,0.7,zero,0.610000,0.670000,0.060000
15,0.7,shuffle,0.610000,0.665000,0.055000
15,0.7,clone,0.610000,0.560000,-0.050000
15,0.8,zero,0.610000,0.660000,0.050000
15,0.8,shuffle,0.610000,0.675000,0.065000
15,0.8,clone,0.610000,0.580000,-0.030000
15,0.9,zero,0.610000,0.665000,0.055000
15,0.9,shuffle,0.610000,0.665000,0.055000
15,0.9,clone,0.610000,0.615000,0.005000
15,1.0,zero,0.610000,0.655000,0.045000
15,1.0,shuffle,0.610000,0.655000,0.045000
15,1.0,clone,0.610000,0.655000,0.045000
16,0.0,zero,0.800000,0.800000,0.000000
16,0.0,shuffle,0.800000,0.705000,-0.095000
16,0.0,clone,0.800000,0.825000,0.025000
16,0.1,zero,0.800000,0.835000,0.035000
16,0.1,shuffle,0.800000,0.725000,-0.075000
16,0.1,clone,0.800000,0.825000,0.025000
16,0.2,zero,0.800000,0.830000,0.030000
16,0.2,shuffle,0.800000,0.760000,-0.040000
16,0.2,clone,0.800000,0.830000,0.030000
16,0.3,zero,0.800000,0.845000,0.045000
16,0.3,shuffle,0.800000,0.785000,-0.015000
16,0.3,clone,0.800000,0.820000,0.020000
16,0.4,zero,0.800000,0.845000,0.045000
16,0.4,shuffle,0.800000,0.815000,0.015000
16,0.4,clone,0.800000,0.825000,0.025000
16,0.5,zero,0.800000,0.855000,0.055000
16,0.5,shuffle,0.800000,0.805000,0.005000
16,0.5,clone,0.800000,0.835000,0.035000
16,0.6,zero,0.800000,0.855000,0.055000
16,0.6,shuffle,0.800000,0.820000,0.020000
16,0.6,clone,0.800000,0.840000,0.040000
16,0.7,zero,0.800000,0.850000,0.050000
16,0.7,shuffle,0.800000,0.830000,0.030000
16,0.7,clone,0.800000,0.840000,0.040000
16,0.8,zero,0.800000,0.840000,0.040000
16,0.8,shuffle,0.800000,0.845000,0.045000
16,0.8,clone,0.800000,0.845000,0.045000
16,0.9,zero,0.800000,0.835000,0.035000
16,0.9,shuffle,0.800000,0.850000,0.050000
16,0.9,clone,0.800000,0.850000,0.050000
16,1.0,zero,0.800000,0.840000,0.040000
16,1.0,shuffle,0.800000,0.840000,0.040000
16,1.0,clone,0.800000,0.840000,0.040000
17,0.0,zero,0.680000,0.680000,0.000000
17,0.0,shuffle,0.680000,0.530000,-0.150000
17,0.0,clone,0.680000,0.540000,-0.140000
17,0.1,zero,0.680000,0.720000,0.040000
17,0.1,shuffle,0.680000,0.545000,-0.135000
17,0.1,clone,0.680000,0.565000,-0.115000
17,0.2,zero,0.680000,0.735000,0.055000
17,0.2,shuffle,0.680000,0.565000,-0.115000
17,0.2,clone,0.680000,0.610000,-0.070000
17,0.3,zero,0.680000,0.730000,0.050000
17,0.3,shuffle,0.680000,0.585000,-0.095000
17,0.3,clone,0.680000,0.610000,-0.070000
17,0.4,zero,0.680000,0.725000,0.045000
17,0.4,shuffle,0.680000,0.590000,-0.090000
17,0.4,clone,0.680000,0.615000,-0.065000
17,0.5,zero,0.680000,0.710000,0.030000
17,0.5,shuffle,0.680000,0.590000,-0.090000
17,0.5,clone,0.680000,0.635000,-0.045000
17,0.6,zero,0.680000,0.710000,0.030000
17,0.6,shuffle,0.680000,0.615000,-0.065000
17,0.6,clone,0.680000,0.645000,-0.035000
17,0.7,zero,0.680000,0.725000,0.045000
17,0.7,shuffle,0.680000,0.675000,-0.005000
17,0.7,clone,0.680000,0.685000,0.005000
17,0.8,zero,0.680000,0.725000,0.045000
17,0.8,shuffle,0.680000,0.690000,0.010000
17,0.8,clone,0.680000,0.700000,0.020000
17,0.9,zero,0.680000,0.730000,0.050000
17,0.9,shuffle,0.680000,0.710000,0.030000
17,0.9,clone,0.680000,0.720000,0.040000
17,1.0,zero,0.680000,0.735000,0.055000
17,1.0,shuffle,0.680000,0.735000,0.055000
17,1.0,clone,0.680000,0.735000,0.055000
18,0.0,zero,0.780000,0.780000,0.000000
18,0.0,shuffle,0.780000,0.670000,-0.110000
18,0.0,clone,0.780000,0.800000,0.020000
18,0.1,zero,0.780000,0.785000,0.005000
18,0.1,shuffle,0.780000,0.700000,-0.080000
18,0.1,clone,0.780000,0.810000,0.030000
18,0.2,zero,0.780000,0.810000,0.030000
18,0.2,shuffle,0.780000,0.705000,-0.075000
18,0.2,clone,0.780000,0.815000,0.035000
18,0.3,zero,0.780000,0.815000,0.035000
18,0.3,shuffle,0.780000,0.720000,-0.060000
18,0.3,clone,0.780000,0.820000,0.040000
18,0.4,zero,0.780000,0.815000,0.035000
18,0.4,shuffle,0.780000,0.765000,-0.015000
18,0.4,clone,0.780000,0.825000,0.045000
18,0.5,zero,0.780000,0.815000,0.035000
18,0.5,shuffle,0.780000,0.795000,0.015000
18,0.5,clone,0.780000,0.835000,0.055000
18,0.6,zero,0.780000,0.830000,0.050000
18,0.6,shuffle,0.780000,0.820000,0.040000
18,0.6,clone,0.780000,0.845000,0.065000
18,0.7,zero,0.780000,0.825000,0.045000
18,0.7,shuffle,0.780000,0.820000,0.040000
18,0.7,clone,0.780000,0.820000,0.040000
18,0.8,zero,0.780000,0.820000,0.040000
18,0.8,shuffle,0.780000,0.825000,0.045000
18,0.8,clone,0.780000,0.825000,0.045000
18,0.9,zero,0.780000,0.820000,0.040000
18,0.9,shuffle,0.780000,0.820000,0.040000
18,0.9,clone,0.780000,0.825000,0.045000
18,1.0,zero,0.780000,0.825000,0.045000
18,1.0,shuffle,0.780000,0.825000,0.045000
18,1.0,clone,0.780000,0.825000,0.045000
19,0.0,zero,0.820000,0.820000,0.000000
19,0.0,shuffle,0.820000,0.685000,-0.135000
19,0.0,clone,0.820000,0.585000,-0.235000
19,0.1,zero,0.820000,0.820000,0.000000
19,0.1,shuffle,0.820000,0.700000,-0.120000
19,0.1,clone,0.820000,0.635000,-0.185000
19,0.2,zero,0.820000,0.825000,0.005000
19,0.2,shuffle,0.820000,0.740000,-0.080000
19,0.2,clone,0.820000,0.660000,-0.160000
19,0.3,zero,0.820000,0.825000,0.005000
19,0.3,shuffle,0.820000,0.775000,-0.045000
19,0.3,clone,0.820000,0.680000,-0.140000
19,0.4,zero,0.820000,0.815000,-0.005000
19,0.4,shuffle,0.820000,0.825000,0.005000
19,0.4,clone,0.820000,0.705000,-0.115000
19,0.5,zero,0.820000,0.825000,0.005000
19,0.5,shuffle,0.820000,0.845000,0.025000
19,0.5,clone,0.820000,0.725000,-0.095000
19,0.6,zero,0.820000,0.830000,0.010000
19,0.6,shuffle,0.820000,0.855000,0.035000
19,0.6,clone,0.820000,0.730000,-0.090000
19,0.7,zero,0.820000,0.835000,0.015000
19,0.7,shuffle,0.820000,0.845000,0.025000
19,0.7,clone,0.820000,0.760000,-0.060000
19,0.8,zero,0.820000,0.835000,0.015000
19,0.8,shuffle,0.820000,0.850000,0.030000
19,0.8,clone,0.820000,0.795000,-0.025000
19,0.9,zero,0.820000,0.830000,0.010000
19,0.9,shuffle,0.820000,0.845000,0.025000
19,0.9,clone,0.820000,0.810000,-0.010000
19,1.0,zero,0.820000,0.830000,0.010000
19,1.0,shuffle,0.820000,0.830000,0.010000
19,1.0,clone,0.820000,0.830000,0.010000
