task,seed,epoch,acc_t1,acc_t3,gain_baseline,gain_a,gain_c1,gain_c2
static,0,0,0.325,0.29,-0.03500000000000003,0.0,-0.020000000000000018,-0.07500000000000001
static,0,10,0.35,0.31,-0.03999999999999998,0.0,-0.019999999999999962,-0.09999999999999998
static,0,25,0.345,0.33,-0.014999999999999958,0.0,-0.014999999999999958,-0.08499999999999996
static,0,50,0.395,0.39,-0.0050000000000000044,0.0,-0.03500000000000003,-0.135
static,0,75,0.44,0.475,0.034999999999999976,0.0,-0.030000000000000027,-0.15000000000000002
static,0,100,0.455,0.485,0.02999999999999997,0.0,-0.025000000000000022,-0.135
static,0,150,0.535,0.54,0.0050000000000000044,0.0,-0.030000000000000027,-0.11500000000000005
static,0,200,0.63,0.585,-0.04500000000000004,0.0,-0.08499999999999996,-0.135
static,0,300,0.69,0.645,-0.04499999999999993,0.0,-0.05999999999999994,-0.1399999999999999
static,0,400,0.755,0.74,-0.015000000000000013,0.0,-0.06999999999999995,-0.135
static,0,500,0.81,0.8,-0.010000000000000009,0.0,-0.07500000000000007,-0.1200000000000001
static,0,600,0.84,0.815,-0.025000000000000022,0.0,-0.10499999999999998,-0.08999999999999997
static,0,700,0.85,0.81,-0.039999999999999925,0.0,-0.13,-0.06499999999999995
static,0,800,0.845,0.835,-0.010000000000000009,0.0,-0.14,-0.03499999999999992
static,0,900,0.835,0.845,0.010000000000000009,0.0,-0.14,-0.020000000000000018
static,0,1000,0.85,0.835,-0.015000000000000013,0.0,-0.18499999999999994,-0.030000000000000027
static,1,0,0.205,0.19,-0.014999999999999986,0.0,0.07500000000000004,0.08499999999999999
static,1,10,0.235,0.255,0.020000000000000018,0.0,0.04500000000000004,0.08000000000000002
static,1,25,0.26,0.28,0.020000000000000018,0.0,0.06,0.065
static,1,50,0.31,0.37,0.06,0.0,0.044999999999999984,0.065
static,1,75,0.405,0.45,0.044999999999999984,0.0,0.024999999999999967,0.05499999999999999
static,1,100,0.47,0.58,0.10999999999999999,0.0,0.0050000000000000044,0.04500000000000004
static,1,150,0.535,0.635,0.09999999999999998,0.0,-0.015000000000000013,0.0
static,1,200,0.585,0.7,0.11499999999999999,0.0,-0.03499999999999992,-0.02499999999999991
static,1,300,0.665,0.74,0.07499999999999996,0.0,-0.08000000000000007,-0.04500000000000004
static,1,400,0.665,0.79,0.125,0.0,-0.050000000000000044,0.010000000000000009
static,1,500,0.67,0.795,0.125,0.0,-0.07000000000000006,0.02499999999999991
static,1,600,0.665,0.805,0.14,0.0,-0.050000000000000044,0.05499999999999994
static,1,700,0.69,0.81,0.1200000000000001,0.0,-0.07499999999999996,0.050000000000000044
static,1,800,0.725,0.83,0.10499999999999998,0.0,-0.11499999999999999,0.04500000000000004
static,1,900,0.73,0.845,0.11499999999999999,0.0,-0.135,0.050000000000000044
static,1,1000,0.735,0.845,0.10999999999999999,0.0,-0.14,0.050000000000000044
static,2,0,0.205,0.215,0.010000000000000009,0.0,0.010000000000000009,0.05500000000000002
static,2,10,0.19,0.23,0.04000000000000001,0.0,0.04000000000000001,0.10499999999999998
static,2,25,0.2,0.245,0.044999999999999984,0.0,0.03,0.12
static,2,50,0.22,0.285,0.06499999999999997,0.0,0.035,0.12499999999999997
static,2,75,0.255,0.3,0.044999999999999984,0.0,0.010000000000000009,0.08500000000000002
static,2,100,0.285,0.32,0.03500000000000003,0.0,-0.019999999999999962,0.050000000000000044
static,2,150,0.37,0.385,0.015000000000000013,0.0,-0.06,0.020000000000000018
static,2,200,0.43,0.445,0.015000000000000013,0.0,-0.065,-0.015000000000000013
static,2,300,0.5,0.575,0.07499999999999996,0.0,-0.044999999999999984,0.040000000000000036
static,2,400,0.58,0.67,0.09000000000000008,0.0,-0.04999999999999993,-0.0050000000000000044
static,2,500,0.65,0.715,0.06499999999999995,0.0,-0.09499999999999997,-0.040000000000000036
static,2,600,0.655,0.755,0.09999999999999998,0.0,-0.07000000000000006,-0.015000000000000013
static,2,700,0.655,0.76,0.10499999999999998,0.0,-0.020000000000000018,0.0
static,2,800,0.655,0.76,0.10499999999999998,0.0,0.0,0.010000000000000009
static,2,900,0.665,0.76,0.09499999999999997,0.0,0.0,0.010000000000000009
static,2,1000,0.67,0.775,0.10499999999999998,0.0,0.0050000000000000044,0.010000000000000009
static,3,0,0.245,0.2,-0.044999999999999984,0.0,0.015000000000000013,-0.13
static,3,10,0.255,0.225,-0.03,0.0,0.0050000000000000044,-0.14500000000000002
static,3,25,0.27,0.295,0.024999999999999967,0.0,0.0050000000000000044,-0.14
static,3,50,0.31,0.315,0.0050000000000000044,0.0,-0.015000000000000013,-0.15
static,3,75,0.335,0.335,0.0,0.0,0.0050000000000000044,-0.165
static,3,100,0.36,0.35,-0.010000000000000009,0.0,0.015000000000000013,-0.185
static,3,150,0.42,0.39,-0.02999999999999997,0.0,-0.034999999999999976,-0.22499999999999998
static,3,200,0.46,0.44,-0.020000000000000018,0.0,-0.030000000000000027,-0.25
static,3,300,0.495,0.49,-0.0050000000000000044,0.0,-0.020000000000000018,-0.22999999999999998
static,3,400,0.535,0.565,0.029999999999999916,0.0,-0.030000000000000027,-0.22500000000000003
static,3,500,0.565,0.62,0.05500000000000005,0.0,-0.009999999999999898,-0.20499999999999996
static,3,600,0.575,0.69,0.11499999999999999,0.0,0.015000000000000013,-0.16499999999999998
static,3,700,0.585,0.695,0.10999999999999999,0.0,0.025000000000000022,-0.11499999999999999
static,3,800,0.62,0.715,0.09499999999999997,0.0,-0.0050000000000000044,-0.135
static,3,900,0.66,0.73,0.06999999999999995,0.0,-0.030000000000000027,-0.17500000000000004
static,3,1000,0.675,0.745,0.06999999999999995,0.0,-0.03500000000000003,-0.19000000000000006
static,4,0,0.11,0.14,0.030000000000000013,0.0,0.06000000000000001,0.09000000000000001
static,4,10,0.125,0.15,0.024999999999999994,0.0,0.04000000000000001,0.08499999999999999
static,4,25,0.155,0.2,0.04500000000000001,0.0,0.05499999999999999,0.07
static,4,50,0.205,0.24,0.035,0.0,0.04000000000000001,0.04000000000000001
static,4,75,0.25,0.315,0.065,0.0,-0.010000000000000009,-0.0050000000000000044
static,4,100,0.28,0.36,0.07999999999999996,0.0,0.024999999999999967,-0.010000000000000009
static,4,150,0.42,0.49,0.07,0.0,0.025000000000000022,-0.125
static,4,200,0.535,0.575,0.039999999999999925,0.0,-0.03500000000000003,-0.21000000000000002
static,4,300,0.635,0.685,0.050000000000000044,0.0,-0.03500000000000003,-0.265
static,4,400,0.735,0.735,0.0,0.0,-0.07499999999999996,-0.25
static,4,500,0.73,0.765,0.03500000000000003,0.0,-0.05499999999999994,-0.20999999999999996
static,4,600,0.725,0.775,0.050000000000000044,0.0,-0.010000000000000009,-0.18499999999999994
static,4,700,0.73,0.805,0.07500000000000007,0.0,-0.0050000000000000044,-0.17999999999999994
static,4,800,0.735,0.835,0.09999999999999998,0.0,-0.010000000000000009,-0.17499999999999993
static,4,900,0.76,0.835,0.07499999999999996,0.0,-0.030000000000000027,-0.19000000000000006
static,4,1000,0.765,0.85,0.08499999999999996,0.0,-0.025000000000000022,-0.19000000000000006
static,5,0,0.18,0.135,-0.044999999999999984,0.0,-0.014999999999999986,0.05499999999999999
static,5,10,0.19,0.145,-0.04500000000000001,0.0,0.0050000000000000044,0.07500000000000001
static,5,25,0.235,0.205,-0.03,0.0,0.010000000000000009,0.07500000000000001
static,5,50,0.295,0.25,-0.044999999999999984,0.0,-0.014999999999999958,0.06
static,5,75,0.33,0.31,-0.020000000000000018,0.0,0.024999999999999967,0.02999999999999997
static,5,100,0.38,0.365,-0.015000000000000013,0.0,-0.0050000000000000044,-0.010000000000000009
static,5,150,0.41,0.45,0.040000000000000036,0.0,-0.004999999999999949,-0.009999999999999953
static,5,200,0.47,0.51,0.040000000000000036,0.0,-0.009999999999999953,-0.05499999999999999
static,5,300,0.505,0.565,0.05999999999999994,0.0,0.015000000000000013,-0.030000000000000027
static,5,400,0.61,0.64,0.030000000000000027,0.0,-0.015000000000000013,-0.09999999999999998
static,5,500,0.655,0.68,0.025000000000000022,0.0,-0.015000000000000013,-0.050000000000000044
static,5,600,0.695,0.735,0.040000000000000036,0.0,-0.019999999999999907,-0.009999999999999898
static,5,700,0.745,0.76,0.015000000000000013,0.0,-0.04500000000000004,-0.0050000000000000044
static,5,800,0.75,0.76,0.010000000000000009,0.0,-0.03500000000000003,-0.015000000000000013
static,5,900,0.74,0.775,0.03500000000000003,0.0,-0.0050000000000000044,-0.0050000000000000044
static,5,1000,0.745,0.78,0.03500000000000003,0.0,-0.020000000000000018,0.015000000000000013
static,6,0,0.27,0.285,0.014999999999999958,0.0,0.044999999999999984,-0.04500000000000001
static,6,10,0.305,0.295,-0.010000000000000009,0.0,0.010000000000000009,-0.07499999999999998
static,6,25,0.31,0.27,-0.03999999999999998,0.0,0.010000000000000009,-0.05499999999999999
static,6,50,0.305,0.305,0.0,0.0,0.030000000000000027,-0.03999999999999998
static,6,75,0.335,0.315,-0.020000000000000018,0.0,0.02999999999999997,-0.05499999999999999
static,6,100,0.345,0.33,-0.014999999999999958,0.0,0.030000000000000027,-0.05499999999999999
static,6,150,0.395,0.35,-0.04500000000000004,0.0,0.014999999999999958,-0.09000000000000002
static,6,200,0.4,0.39,-0.010000000000000009,0.0,0.009999999999999953,-0.05500000000000005
static,6,300,0.46,0.435,-0.025000000000000022,0.0,-0.010000000000000009,-0.04500000000000004
static,6,400,0.525,0.48,-0.04500000000000004,0.0,-0.0050000000000000044,-0.0050000000000000044
static,6,500,0.635,0.57,-0.06500000000000006,0.0,-0.050000000000000044,-0.07000000000000006
static,6,600,0.665,0.63,-0.03500000000000003,0.0,-0.04500000000000004,-0.07000000000000006
static,6,700,0.715,0.675,-0.039999999999999925,0.0,-0.06499999999999995,-0.07499999999999996
static,6,800,0.74,0.73,-0.010000000000000009,0.0,-0.09499999999999997,-0.06999999999999995
static,6,900,0.755,0.75,-0.0050000000000000044,0.0,-0.06500000000000006,-0.040000000000000036
static,6,1000,0.765,0.77,0.0050000000000000044,0.0,-0.03500000000000003,-0.030000000000000027
static,7,0,0.34,0.35,0.009999999999999953,0.0,0.009999999999999953,-0.065
static,7,10,0.365,0.375,0.010000000000000009,0.0,0.010000000000000009,-0.044999999999999984
static,7,25,0.405,0.395,-0.010000000000000009,0.0,0.014999999999999958,-0.07
static,7,50,0.445,0.42,-0.025000000000000022,0.0,0.0050000000000000044,-0.07500000000000001
static,7,75,0.46,0.465,0.0050000000000000044,0.0,0.014999999999999958,-0.04500000000000004
static,7,100,0.49,0.48,-0.010000000000000009,0.0,0.010000000000000009,-0.05499999999999999
static,7,150,0.52,0.515,-0.0050000000000000044,0.0,0.020000000000000018,-0.03500000000000003
static,7,200,0.545,0.535,-0.010000000000000009,0.0,0.015000000000000013,-0.04500000000000004
static,7,300,0.64,0.6,-0.040000000000000036,0.0,-0.03500000000000003,-0.06000000000000005
static,7,400,0.665,0.68,0.015000000000000013,0.0,-0.030000000000000027,-0.025000000000000022
static,7,500,0.72,0.74,0.020000000000000018,0.0,-0.06499999999999995,-0.06999999999999995
static,7,600,0.735,0.79,0.05500000000000005,0.0,-0.08999999999999997,-0.08999999999999997
static,7,700,0.765,0.8,0.03500000000000003,0.0,-0.10999999999999999,-0.10999999999999999
static,7,800,0.795,0.835,0.039999999999999925,0.0,-0.14,-0.12
static,7,900,0.815,0.85,0.03500000000000003,0.0,-0.15499999999999992,-0.125
static,7,1000,0.81,0.855,0.04499999999999993,0.0,-0.17000000000000004,-0.1100000000000001
static,8,0,0.195,0.185,-0.010000000000000009,0.0,0.009999999999999981,-0.015000000000000013
static,8,10,0.195,0.165,-0.03,0.0,-0.0050000000000000044,-0.065
static,8,25,0.165,0.15,-0.015000000000000013,0.0,0.0,-0.05
static,8,50,0.16,0.145,-0.015000000000000013,0.0,-0.0050000000000000044,-0.05500000000000001
static,8,75,0.175,0.21,0.035,0.0,0.04000000000000001,-0.03999999999999998
static,8,100,0.205,0.31,0.10500000000000001,0.0,0.04500000000000001,-0.05499999999999999
static,8,150,0.255,0.35,0.09499999999999997,0.0,0.07500000000000001,-0.07500000000000001
static,8,200,0.33,0.385,0.05499999999999999,0.0,0.044999999999999984,-0.08000000000000002
static,8,300,0.45,0.47,0.019999999999999962,0.0,0.03999999999999998,-0.08000000000000002
static,8,400,0.535,0.595,0.05999999999999994,0.0,0.05499999999999994,-0.05500000000000005
static,8,500,0.595,0.675,0.08000000000000007,0.0,0.05500000000000005,-0.015000000000000013
static,8,600,0.625,0.7,0.07499999999999996,0.0,0.07499999999999996,-0.0050000000000000044
static,8,700,0.645,0.755,0.10999999999999999,0.0,0.06499999999999995,-0.0050000000000000044
static,8,800,0.655,0.77,0.11499999999999999,0.0,0.06499999999999995,0.04499999999999993
static,8,900,0.675,0.77,0.09499999999999997,0.0,0.04499999999999993,0.029999999999999916
static,8,1000,0.685,0.78,0.09499999999999997,0.0,0.039999999999999925,0.019999999999999907
static,9,0,0.125,0.145,0.01999999999999999,0.0,-0.015,0.10999999999999999
static,9,10,0.18,0.16,-0.01999999999999999,0.0,-0.03,0.07500000000000001
static,9,25,0.24,0.215,-0.024999999999999994,0.0,-0.035,0.10999999999999999
static,9,50,0.305,0.295,-0.010000000000000009,0.0,-0.05499999999999999,0.07
static,9,75,0.345,0.41,0.065,0.0,-0.06999999999999995,0.03500000000000003
static,9,100,0.395,0.46,0.065,0.0,-0.06,0.02999999999999997
static,9,150,0.51,0.555,0.04500000000000004,0.0,-0.044999999999999984,-0.015000000000000013
static,9,200,0.57,0.595,0.025000000000000022,0.0,-0.04499999999999993,-0.04999999999999993
static,9,300,0.63,0.655,0.025000000000000022,0.0,-0.05500000000000005,-0.040000000000000036
static,9,400,0.69,0.7,0.010000000000000009,0.0,-0.06499999999999995,-0.09499999999999997
static,9,500,0.74,0.755,0.015000000000000013,0.0,-0.07999999999999996,-0.11499999999999999
static,9,600,0.76,0.775,0.015000000000000013,0.0,-0.125,-0.125
static,9,700,0.8,0.78,-0.020000000000000018,0.0,-0.15000000000000002,-0.16500000000000004
static,9,800,0.79,0.8,0.010000000000000009,0.0,-0.10999999999999999,-0.14
static,9,900,0.8,0.815,0.014999999999999902,0.0,-0.11499999999999999,-0.1050000000000001
static,9,1000,0.8,0.83,0.029999999999999916,0.0,-0.09500000000000008,-0.1100000000000001
static,10,0,0.225,0.22,-0.0050000000000000044,0.0,-0.015000000000000013,-0.010000000000000009
static,10,10,0.24,0.27,0.030000000000000027,0.0,0.0050000000000000044,-0.014999999999999986
static,10,25,0.285,0.32,0.03500000000000003,0.0,-0.004999999999999949,-0.054999999999999966
static,10,50,0.33,0.395,0.065,0.0,0.019999999999999962,-0.08000000000000002
static,10,75,0.39,0.4,0.010000000000000009,0.0,-0.0050000000000000044,-0.10500000000000004
static,10,100,0.42,0.41,-0.010000000000000009,0.0,-0.019999999999999962,-0.12
static,10,150,0.41,0.425,0.015000000000000013,0.0,0.0050000000000000044,-0.08499999999999996
static,10,200,0.445,0.475,0.02999999999999997,0.0,-0.015000000000000013,-0.12
static,10,300,0.46,0.525,0.065,0.0,-0.025000000000000022,-0.10500000000000004
static,10,400,0.535,0.58,0.04499999999999993,0.0,-0.08000000000000002,-0.14500000000000002
static,10,500,0.58,0.62,0.040000000000000036,0.0,-0.09999999999999998,-0.17499999999999993
static,10,600,0.61,0.625,0.015000000000000013,0.0,-0.14,-0.2
static,10,700,0.625,0.675,0.050000000000000044,0.0,-0.15000000000000002,-0.175
static,10,800,0.67,0.71,0.039999999999999925,0.0,-0.17500000000000004,-0.19500000000000006
static,10,900,0.71,0.73,0.020000000000000018,0.0,-0.20499999999999996,-0.20999999999999996
static,10,1000,0.72,0.75,0.030000000000000027,0.0,-0.19999999999999996,-0.20499999999999996
static,11,0,0.175,0.21,0.035,0.0,0.025000000000000022,-0.01999999999999999
static,11,10,0.22,0.265,0.04500000000000001,0.0,-0.0050000000000000044,-0.05499999999999999
static,11,25,0.25,0.27,0.020000000000000018,0.0,0.0,-0.07500000000000001
static,11,50,0.235,0.275,0.040000000000000036,0.0,0.020000000000000018,-0.044999999999999984
static,11,75,0.245,0.3,0.05499999999999999,0.0,0.015000000000000013,-0.035
static,11,100,0.28,0.325,0.044999999999999984,0.0,0.004999999999999949,-0.05500000000000002
static,11,150,0.34,0.345,0.004999999999999949,0.0,-0.015000000000000013,-0.09000000000000002
static,11,200,0.38,0.415,0.034999999999999976,0.0,0.034999999999999976,-0.13
static,11,300,0.435,0.435,0.0,0.0,-0.010000000000000009,-0.18
static,11,400,0.455,0.455,0.0,0.0,-0.0050000000000000044,-0.11000000000000004
static,11,500,0.51,0.52,0.010000000000000009,0.0,-0.03500000000000003,-0.135
static,11,600,0.55,0.59,0.039999999999999925,0.0,-0.06000000000000005,-0.13500000000000006
static,11,700,0.595,0.63,0.03500000000000003,0.0,-0.04499999999999993,-0.14999999999999997
static,11,800,0.69,0.65,-0.039999999999999925,0.0,-0.08999999999999997,-0.20999999999999996
static,11,900,0.725,0.745,0.020000000000000018,0.0,-0.10999999999999999,-0.19499999999999995
static,11,1000,0.735,0.77,0.03500000000000003,0.0,-0.10499999999999998,-0.17000000000000004
static,12,0,0.355,0.345,-0.010000000000000009,0.0,0.0050000000000000044,-0.10499999999999998
static,12,10,0.35,0.345,-0.0050000000000000044,0.0,0.0,-0.11999999999999997
static,12,25,0.38,0.36,-0.020000000000000018,0.0,-0.020000000000000018,-0.15
static,12,50,0.42,0.37,-0.04999999999999999,0.0,-0.02999999999999997,-0.21
static,12,75,0.47,0.41,-0.06,0.0,-0.034999999999999976,-0.21499999999999997
static,12,100,0.49,0.43,-0.06,0.0,-0.015000000000000013,-0.20500000000000002
static,12,150,0.54,0.485,-0.05500000000000005,0.0,-0.015000000000000013,-0.17500000000000004
static,12,200,0.58,0.58,0.0,0.0,0.0050000000000000044,-0.18999999999999995
static,12,300,0.61,0.675,0.06500000000000006,0.0,-0.010000000000000009,-0.125
static,12,400,0.61,0.675,0.06500000000000006,0.0,-0.040000000000000036,-0.09999999999999998
static,12,500,0.63,0.7,0.06999999999999995,0.0,-0.04500000000000004,-0.09499999999999997
static,12,600,0.64,0.74,0.09999999999999998,0.0,-0.05500000000000005,-0.07999999999999996
static,12,700,0.64,0.77,0.13,0.0,-0.050000000000000044,-0.05500000000000005
static,12,800,0.675,0.795,0.12,0.0,-0.08500000000000008,-0.08500000000000008
static,12,900,0.69,0.8,0.1100000000000001,0.0,-0.10999999999999999,-0.06999999999999995
static,12,1000,0.695,0.815,0.12,0.0,-0.125,-0.05999999999999994
static,13,0,0.33,0.285,-0.04500000000000004,0.0,-0.03500000000000003,-0.04999999999999999
static,13,10,0.335,0.305,-0.030000000000000027,0.0,-0.020000000000000018,-0.06
static,13,25,0.315,0.305,-0.010000000000000009,0.0,-0.0050000000000000044,-0.044999999999999984
static,13,50,0.325,0.305,-0.020000000000000018,0.0,0.0050000000000000044,-0.04999999999999999
static,13,75,0.35,0.365,0.015000000000000013,0.0,-0.0050000000000000044,-0.07999999999999996
static,13,100,0.395,0.375,-0.020000000000000018,0.0,-0.020000000000000018,-0.14500000000000002
static,13,150,0.425,0.39,-0.034999999999999976,0.0,-0.010000000000000009,-0.15499999999999997
static,13,200,0.495,0.455,-0.03999999999999998,0.0,-0.034999999999999976,-0.175
static,13,300,0.55,0.575,0.02499999999999991,0.0,-0.05500000000000005,-0.16500000000000004
static,13,400,0.6,0.58,-0.020000000000000018,0.0,-0.09999999999999998,-0.19
static,13,500,0.615,0.6,-0.015000000000000013,0.0,-0.11499999999999999,-0.18
static,13,600,0.615,0.63,0.015000000000000013,0.0,-0.12,-0.15999999999999998
static,13,700,0.625,0.67,0.04500000000000004,0.0,-0.08999999999999997,-0.14
static,13,800,0.67,0.695,0.02499999999999991,0.0,-0.125,-0.15500000000000003
static,13,900,0.7,0.725,0.025000000000000022,0.0,-0.1399999999999999,-0.1449999999999999
static,13,1000,0.745,0.755,0.010000000000000009,0.0,-0.18000000000000005,-0.14
static,14,0,0.22,0.225,0.0050000000000000044,0.0,0.010000000000000009,-0.07
static,14,10,0.23,0.225,-0.0050000000000000044,0.0,-0.0050000000000000044,-0.05500000000000002
static,14,25,0.205,0.22,0.015000000000000013,0.0,0.035,0.015000000000000013
static,14,50,0.19,0.21,0.01999999999999999,0.0,0.03,0.065
static,14,75,0.205,0.24,0.035,0.0,0.0,0.05500000000000002
static,14,100,0.235,0.25,0.015000000000000013,0.0,-0.01999999999999999,0.03500000000000003
static,14,150,0.245,0.27,0.025000000000000022,0.0,-0.014999999999999986,0.04999999999999999
static,14,200,0.255,0.29,0.034999999999999976,0.0,0.025000000000000022,0.06
static,14,300,0.38,0.465,0.08500000000000002,0.0,-0.020000000000000018,-0.030000000000000027
static,14,400,0.455,0.49,0.034999999999999976,0.0,-0.040000000000000036,-0.020000000000000018
static,14,500,0.475,0.535,0.06000000000000005,0.0,0.0,-0.044999999999999984
static,14,600,0.55,0.6,0.04999999999999993,0.0,-0.030000000000000027,-0.06500000000000006
static,14,700,0.61,0.64,0.030000000000000027,0.0,-0.05499999999999994,-0.11499999999999999
static,14,800,0.64,0.685,0.04500000000000004,0.0,-0.07500000000000007,-0.11499999999999999
static,14,900,0.67,0.735,0.06499999999999995,0.0,-0.09500000000000008,-0.13
static,14,1000,0.665,0.75,0.08499999999999996,0.0,-0.08000000000000007,-0.08000000000000007
static,15,0,0.145,0.14,-0.004999999999999977,0.0,-0.009999999999999981,0.04500000000000001
static,15,10,0.135,0.13,-0.0050000000000000044,0.0,-0.010000000000000009,0.04999999999999999
static,15,25,0.12,0.095,-0.024999999999999994,0.0,0.0050000000000000044,0.04500000000000001
static,15,50,0.135,0.14,0.0050000000000000044,0.0,0.035,0.095
static,15,75,0.115,0.175,0.059999999999999984,0.0,0.03499999999999999,0.11999999999999998
static,15,100,0.12,0.18,0.06,0.0,0.05499999999999999,0.11499999999999999
static,15,150,0.15,0.245,0.095,0.0,0.05499999999999999,0.09
static,15,200,0.19,0.28,0.09000000000000002,0.0,0.05499999999999999,0.04999999999999999
static,15,300,0.285,0.325,0.040000000000000036,0.0,0.025000000000000022,-0.03999999999999998
static,15,400,0.33,0.435,0.10499999999999998,0.0,0.07500000000000001,-0.065
static,15,500,0.405,0.52,0.11499999999999999,0.0,0.034999999999999976,-0.10000000000000003
static,15,600,0.45,0.585,0.13499999999999995,0.0,0.03999999999999998,-0.135
static,15,700,0.5,0.62,0.12,0.0,0.025000000000000022,-0.16999999999999998
static,15,800,0.575,0.645,0.07000000000000006,0.0,-0.03499999999999992,-0.23499999999999993
static,15,900,0.57,0.66,0.09000000000000008,0.0,-0.009999999999999898,-0.22499999999999998
static,15,1000,0.61,0.655,0.04500000000000004,0.0,-0.020000000000000018,-0.26
static,16,0,0.33,0.285,-0.04500000000000004,0.0,-0.0050000000000000044,-0.010000000000000009
static,16,10,0.365,0.285,-0.08000000000000002,0.0,-0.024999999999999967,-0.024999999999999967
static,16,25,0.395,0.335,-0.06,0.0,-0.015000000000000013,-0.04500000000000004
static,16,50,0.465,0.42,-0.04500000000000004,0.0,0.0,-0.04500000000000004
static,16,75,0.53,0.48,-0.050000000000000044,0.0,-0.015000000000000013,-0.07
static,16,100,0.55,0.525,-0.025000000000000022,0.0,-0.0050000000000000044,-0.06500000000000006
static,16,150,0.59,0.595,0.0050000000000000044,0.0,0.015000000000000013,-0.06499999999999995
static,16,200,0.64,0.645,0.0050000000000000044,0.0,-0.025000000000000022,-0.07999999999999996
static,16,300,0.71,0.735,0.025000000000000022,0.0,-0.04499999999999993,-0.09499999999999997
static,16,400,0.735,0.775,0.040000000000000036,0.0,-0.10499999999999998,-0.06499999999999995
static,16,500,0.77,0.785,0.015000000000000013,0.0,-0.125,-0.050000000000000044
static,16,600,0.765,0.785,0.020000000000000018,0.0,-0.15000000000000002,-0.0050000000000000044
static,16,700,0.785,0.785,0.0,0.0,-0.17500000000000004,0.0050000000000000044
static,16,800,0.795,0.805,0.010000000000000009,0.0,-0.17000000000000004,0.0
static,16,900,0.805,0.835,0.029999999999999916,0.0,-0.17000000000000004,0.009999999999999898
static,16,1000,0.8,0.84,0.039999999999999925,0.0,-0.17000000000000004,0.02499999999999991
static,17,0,0.11,0.095,-0.015,0.0,0.06000000000000001,-0.07
static,17,10,0.1,0.105,0.0049999999999999906,0.0,0.065,-0.060000000000000005
static,17,25,0.13,0.135,0.0050000000000000044,0.0,0.04999999999999999,-0.085
static,17,50,0.145,0.155,0.010000000000000009,0.0,0.06,-0.09499999999999999
static,17,75,0.15,0.175,0.024999999999999994,0.0,0.04500000000000001,-0.09
static,17,100,0.185,0.2,0.015000000000000013,0.0,0.04999999999999999,-0.09999999999999999
static,17,150,0.215,0.295,0.07999999999999999,0.0,0.04500000000000001,-0.12
static,17,200,0.365,0.405,0.040000000000000036,0.0,-0.015000000000000013,-0.22499999999999998
static,17,300,0.46,0.46,0.0,0.0,-0.020000000000000018,-0.19
static,17,400,0.51,0.49,-0.020000000000000018,0.0,-0.030000000000000027,-0.2
static,17,500,0.585,0.565,-0.020000000000000018,0.0,-0.08999999999999997,-0.22999999999999998
static,17,600,0.645,0.635,-0.010000000000000009,0.0,-0.16500000000000004,-0.21500000000000002
static,17,700,0.665,0.665,0.0,0.0,-0.16500000000000004,-0.21000000000000002
static,17,800,0.68,0.7,0.019999999999999907,0.0,-0.15000000000000002,-0.20500000000000007
static,17,900,0.69,0.705,0.015000000000000013,0.0,-0.1399999999999999,-0.17999999999999994
static,17,1000,0.68,0.735,0.05499999999999994,0.0,-0.13,-0.14
static,18,0,0.125,0.13,0.0050000000000000044,0.0,-0.0050000000000000044,0.024999999999999994
static,18,10,0.125,0.12,-0.0050000000000000044,0.0,0.0,-0.05
static,18,25,0.12,0.14,0.020000000000000018,0.0,0.0,-0.039999999999999994
static,18,50,0.155,0.17,0.015000000000000013,0.0,-0.01999999999999999,-0.035
static,18,75,0.21,0.22,0.010000000000000009,0.0,-0.03,-0.03999999999999998
static,18,100,0.26,0.23,-0.03,0.0,-0.03,-0.07500000000000001
static,18,150,0.3,0.275,-0.024999999999999967,0.0,-0.034999999999999976,-0.06
static,18,200,0.395,0.4,0.0050000000000000044,0.0,-0.030000000000000027,-0.10000000000000003
static,18,300,0.535,0.545,0.010000000000000009,0.0,0.0,-0.12500000000000006
static,18,400,0.585,0.61,0.025000000000000022,0.0,-0.020000000000000018,-0.06499999999999995
static,18,500,0.655,0.64,-0.015000000000000013,0.0,-0.06500000000000006,-0.020000000000000018
static,18,600,0.675,0.73,0.05499999999999994,0.0,-0.030000000000000027,0.039999999999999925
static,18,700,0.71,0.76,0.050000000000000044,0.0,-0.06999999999999995,0.010000000000000009
static,18,800,0.745,0.785,0.040000000000000036,0.0,-0.07999999999999996,0.010000000000000009
static,18,900,0.77,0.805,0.03500000000000003,0.0,-0.08999999999999997,0.0
static,18,1000,0.78,0.825,0.04499999999999993,0.0,-0.10499999999999998,0.020000000000000018
static,19,0,0.195,0.175,-0.020000000000000018,0.0,-0.0050000000000000044,-0.015000000000000013
static,19,10,0.195,0.18,-0.015000000000000013,0.0,-0.010000000000000009,-0.020000000000000018
static,19,25,0.195,0.18,-0.015000000000000013,0.0,-0.024999999999999994,-0.0050000000000000044
static,19,50,0.215,0.205,-0.010000000000000009,0.0,-0.024999999999999994,-0.010000000000000009
static,19,75,0.25,0.23,-0.01999999999999999,0.0,-0.024999999999999994,-0.015000000000000013
static,19,100,0.24,0.265,0.025000000000000022,0.0,-0.035,0.015000000000000013
static,19,150,0.32,0.34,0.020000000000000018,0.0,-0.065,-0.025000000000000022
static,19,200,0.39,0.39,0.0,0.0,-0.040000000000000036,-0.025000000000000022
static,19,300,0.5,0.565,0.06499999999999995,0.0,-0.025000000000000022,-0.125
static,19,400,0.58,0.625,0.04500000000000004,0.0,-0.08999999999999997,-0.15999999999999998
static,19,500,0.645,0.68,0.03500000000000003,0.0,-0.07500000000000007,-0.17000000000000004
static,19,600,0.71,0.705,-0.0050000000000000044,0.0,-0.11499999999999999,-0.18999999999999995
static,19,700,0.745,0.77,0.025000000000000022,0.0,-0.11499999999999999,-0.20999999999999996
static,19,800,0.79,0.805,0.015000000000000013,0.0,-0.16000000000000003,-0.21500000000000008
static,19,900,0.795,0.83,0.03499999999999992,0.0,-0.17000000000000004,-0.20500000000000007
static,19,1000,0.82,0.83,0.010000000000000009,0.0,-0.17999999999999994,-0.235
vn,0,0,0.255,0.25,-0.0050000000000000044,0.020000000000000018,0.0050000000000000044,0.05499999999999999
vn,0,10,0.265,0.275,0.010000000000000009,0.015000000000000013,0.0050000000000000044,0.07999999999999996
vn,0,25,0.28,0.3,0.019999999999999962,0.014999999999999958,-0.015000000000000013,0.06499999999999995
vn,0,50,0.32,0.365,0.044999999999999984,0.024999999999999967,0.0050000000000000044,0.02999999999999997
vn,0,75,0.345,0.41,0.065,0.03500000000000003,0.040000000000000036,0.0050000000000000044
vn,0,100,0.39,0.435,0.044999999999999984,0.02999999999999997,0.03999999999999998,-0.040000000000000036
vn,0,150,0.43,0.465,0.03500000000000003,0.08500000000000002,0.020000000000000018,-0.06
vn,0,200,0.465,0.515,0.04999999999999999,0.044999999999999984,-0.025000000000000022,-0.08500000000000002
vn,0,300,0.58,0.625,0.04500000000000004,-0.010000000000000009,-0.05499999999999994,-0.12999999999999995
vn,0,400,0.69,0.725,0.03500000000000003,-0.05999999999999994,-0.1349999999999999,-0.16499999999999992
vn,0,500,0.76,0.815,0.05499999999999994,-0.04500000000000004,-0.20499999999999996,-0.20499999999999996
vn,0,600,0.795,0.87,0.07499999999999996,-0.03500000000000003,-0.2300000000000001,-0.22000000000000008
vn,0,700,0.825,0.875,0.050000000000000044,-0.05999999999999994,-0.26,-0.20999999999999996
vn,0,800,0.805,0.935,0.13,-0.06000000000000005,-0.2400000000000001,-0.14500000000000002
vn,0,900,0.815,0.95,0.135,-0.04499999999999993,-0.24,-0.125
vn,0,1000,0.815,0.955,0.14,-0.03499999999999992,-0.25,-0.12
vn,1,0,0.22,0.21,-0.010000000000000009,0.0050000000000000044,-0.010000000000000009,0.0050000000000000044
vn,1,10,0.24,0.205,-0.035,0.010000000000000009,-0.01999999999999999,-0.024999999999999994
vn,1,25,0.265,0.245,-0.020000000000000018,-0.0050000000000000044,-0.030000000000000027,-0.04500000000000001
vn,1,50,0.345,0.305,-0.03999999999999998,-0.009999999999999953,-0.07499999999999996,-0.004999999999999949
vn,1,75,0.42,0.405,-0.014999999999999958,0.010000000000000009,-0.03999999999999998,-0.014999999999999958
vn,1,100,0.49,0.51,0.020000000000000018,-0.024999999999999967,-0.10499999999999998,-0.02999999999999997
vn,1,150,0.575,0.65,0.07500000000000007,-0.06499999999999995,-0.07999999999999996,-0.07499999999999996
vn,1,200,0.66,0.675,0.015000000000000013,-0.09000000000000008,-0.15500000000000003,-0.10499999999999998
vn,1,300,0.73,0.795,0.06500000000000006,-0.05999999999999994,-0.20499999999999996,-0.10999999999999999
vn,1,400,0.735,0.875,0.14,-0.040000000000000036,-0.19999999999999996,-0.06499999999999995
vn,1,500,0.74,0.9,0.16000000000000003,-0.040000000000000036,-0.21499999999999997,-0.030000000000000027
vn,1,600,0.76,0.94,0.17999999999999994,-0.06500000000000006,-0.24,-0.03500000000000003
vn,1,700,0.76,0.955,0.19499999999999995,-0.040000000000000036,-0.245,-0.025000000000000022
vn,1,800,0.76,0.955,0.19499999999999995,-0.03500000000000003,-0.22499999999999998,-0.010000000000000009
vn,1,900,0.765,0.96,0.19499999999999995,-0.04500000000000004,-0.22999999999999998,-0.0050000000000000044
vn,1,1000,0.77,0.97,0.19999999999999996,-0.040000000000000036,-0.22999999999999998,-0.0050000000000000044
vn,2,0,0.2,0.18,-0.020000000000000018,-0.015000000000000013,-0.010000000000000009,0.014999999999999986
vn,2,10,0.22,0.195,-0.024999999999999994,-0.024999999999999994,-0.024999999999999994,0.010000000000000009
vn,2,25,0.23,0.195,-0.035,-0.025000000000000022,-0.04500000000000001,0.01999999999999999
vn,2,50,0.245,0.24,-0.0050000000000000044,-0.014999999999999986,-0.01999999999999999,0.03500000000000003
vn,2,75,0.27,0.27,0.0,0.010000000000000009,-0.03500000000000003,0.07499999999999996
vn,2,100,0.32,0.345,0.024999999999999967,0.015000000000000013,-0.07,0.06
vn,2,150,0.5,0.445,-0.05499999999999999,-0.08000000000000002,-0.16499999999999998,-0.03999999999999998
vn,2,200,0.53,0.53,0.0,-0.07,-0.11500000000000005,0.04499999999999993
vn,2,300,0.525,0.65,0.125,-0.010000000000000009,-0.015000000000000013,0.12
vn,2,400,0.57,0.79,0.22000000000000008,-0.0050000000000000044,-0.04999999999999993,0.16000000000000003
vn,2,500,0.625,0.84,0.21499999999999997,-0.020000000000000018,-0.06499999999999995,0.16000000000000003
vn,2,600,0.66,0.895,0.235,-0.030000000000000027,-0.07000000000000006,0.14500000000000002
vn,2,700,0.705,0.93,0.2250000000000001,-0.039999999999999925,-0.11499999999999999,0.10999999999999999
vn,2,800,0.725,0.95,0.22499999999999998,-0.039999999999999925,-0.14,0.08999999999999997
vn,2,900,0.74,0.95,0.20999999999999996,-0.030000000000000027,-0.15000000000000002,0.09999999999999998
vn,2,1000,0.75,0.96,0.20999999999999996,-0.03500000000000003,-0.15500000000000003,0.09499999999999997
vn,3,0,0.28,0.18,-0.10000000000000003,-0.020000000000000018,-0.03500000000000003,-0.11500000000000002
vn,3,10,0.295,0.22,-0.07499999999999998,-0.034999999999999976,-0.02999999999999997,-0.145
vn,3,25,0.33,0.295,-0.03500000000000003,-0.04500000000000004,-0.05499999999999999,-0.17
vn,3,50,0.35,0.34,-0.009999999999999953,-0.04999999999999999,-0.065,-0.175
vn,3,75,0.365,0.345,-0.020000000000000018,-0.02999999999999997,-0.06,-0.16999999999999998
vn,3,100,0.375,0.37,-0.0050000000000000044,-0.030000000000000027,-0.04999999999999999,-0.17
vn,3,150,0.435,0.45,0.015000000000000013,-0.03999999999999998,-0.07,-0.18
vn,3,200,0.51,0.495,-0.015000000000000013,-0.040000000000000036,-0.135,-0.22500000000000003
vn,3,300,0.615,0.59,-0.025000000000000022,-0.050000000000000044,-0.16499999999999998,-0.25
vn,3,400,0.625,0.68,0.05500000000000005,-0.015000000000000013,-0.09999999999999998,-0.22999999999999998
vn,3,500,0.65,0.73,0.07999999999999996,0.0,-0.09499999999999997,-0.2
vn,3,600,0.665,0.755,0.08999999999999997,-0.010000000000000009,-0.07000000000000006,-0.18000000000000005
vn,3,700,0.695,0.76,0.06500000000000006,-0.0050000000000000044,-0.08499999999999996,-0.19999999999999996
vn,3,800,0.705,0.78,0.07500000000000007,0.020000000000000018,-0.06499999999999995,-0.20999999999999996
vn,3,900,0.73,0.815,0.08499999999999996,-0.0050000000000000044,-0.08499999999999996,-0.26
vn,3,1000,0.735,0.85,0.11499999999999999,-0.015000000000000013,-0.07499999999999996,-0.245
vn,4,0,0.1,0.125,0.024999999999999994,-0.020000000000000004,0.0049999999999999906,0.01999999999999999
vn,4,10,0.105,0.15,0.045,-0.009999999999999995,0.015,0.03500000000000002
vn,4,25,0.115,0.155,0.039999999999999994,0.009999999999999995,0.03499999999999999,0.045
vn,4,50,0.13,0.225,0.095,0.04999999999999999,0.06,0.08499999999999999
vn,4,75,0.16,0.305,0.145,0.07,0.065,0.1
vn,4,100,0.215,0.36,0.145,0.060000000000000026,0.035,0.06999999999999998
vn,4,150,0.345,0.475,0.13,0.025000000000000022,-0.024999999999999967,-0.014999999999999958
vn,4,200,0.455,0.535,0.08000000000000002,0.019999999999999962,-0.06,-0.07500000000000001
vn,4,300,0.605,0.625,0.020000000000000018,0.0050000000000000044,-0.07999999999999996,-0.14499999999999996
vn,4,400,0.68,0.72,0.039999999999999925,0.009999999999999898,-0.13,-0.16000000000000003
vn,4,500,0.695,0.76,0.06500000000000006,0.07000000000000006,-0.05999999999999994,-0.1449999999999999
vn,4,600,0.715,0.885,0.17000000000000004,0.04500000000000004,-0.039999999999999925,-0.07999999999999996
vn,4,700,0.73,0.9,0.17000000000000004,0.015000000000000013,-0.0050000000000000044,-0.04999999999999993
vn,4,800,0.74,0.93,0.19000000000000006,-0.0050000000000000044,-0.025000000000000022,-0.04500000000000004
vn,4,900,0.745,0.945,0.19999999999999996,0.010000000000000009,-0.015000000000000013,-0.03500000000000003
vn,4,1000,0.755,0.965,0.20999999999999996,0.0050000000000000044,-0.015000000000000013,-0.030000000000000027
vn,5,0,0.24,0.18,-0.06,0.025000000000000022,0.010000000000000009,0.04999999999999999
vn,5,10,0.285,0.24,-0.044999999999999984,0.015000000000000013,-0.019999999999999962,0.015000000000000013
vn,5,25,0.345,0.27,-0.07499999999999996,0.020000000000000018,-0.034999999999999976,-0.014999999999999958
vn,5,50,0.4,0.335,-0.065,0.024999999999999967,-0.030000000000000027,0.0
vn,5,75,0.455,0.38,-0.07500000000000001,0.014999999999999958,-0.04999999999999999,-0.0050000000000000044
vn,5,100,0.47,0.42,-0.04999999999999999,0.020000000000000018,-0.03999999999999998,0.030000000000000027
vn,5,150,0.47,0.475,0.0050000000000000044,0.015000000000000013,-0.009999999999999953,0.09999999999999998
vn,5,200,0.475,0.52,0.04500000000000004,0.020000000000000018,0.010000000000000009,0.125
vn,5,300,0.51,0.585,0.07499999999999996,0.015000000000000013,0.015000000000000013,0.14
vn,5,400,0.535,0.655,0.12,0.05999999999999994,0.04999999999999993,0.15499999999999992
vn,5,500,0.62,0.79,0.17000000000000004,0.11499999999999999,0.030000000000000027,0.13
vn,5,600,0.665,0.85,0.18499999999999994,0.09499999999999997,-0.030000000000000027,0.18999999999999995
vn,5,700,0.645,0.925,0.28,0.09499999999999997,-0.0050000000000000044,0.21499999999999997
vn,5,800,0.64,0.945,0.30499999999999994,0.11499999999999999,-0.025000000000000022,0.21499999999999997
vn,5,900,0.64,0.95,0.30999999999999994,0.12,-0.020000000000000018,0.19999999999999996
vn,5,1000,0.645,0.96,0.31499999999999995,0.10999999999999999,-0.030000000000000027,0.19499999999999995
vn,6,0,0.24,0.205,-0.035,0.0050000000000000044,0.0,-0.035
vn,6,10,0.24,0.215,-0.024999999999999994,0.015000000000000013,0.010000000000000009,-0.03999999999999998
vn,6,25,0.25,0.235,-0.015000000000000013,0.0050000000000000044,-0.015000000000000013,-0.04500000000000001
vn,6,50,0.3,0.31,0.010000000000000009,-0.024999999999999967,0.0050000000000000044,-0.06
vn,6,75,0.33,0.34,0.010000000000000009,-0.015000000000000013,-0.0050000000000000044,-0.10500000000000001
vn,6,100,0.335,0.35,0.014999999999999958,0.0050000000000000044,0.0,-0.10500000000000001
vn,6,150,0.345,0.39,0.04500000000000004,0.030000000000000027,0.030000000000000027,-0.06
vn,6,200,0.38,0.41,0.02999999999999997,0.020000000000000018,0.0050000000000000044,-0.08000000000000002
vn,6,300,0.42,0.485,0.065,0.040000000000000036,0.0050000000000000044,-0.09999999999999998
vn,6,400,0.475,0.545,0.07000000000000006,0.04500000000000004,0.0,-0.13499999999999995
vn,6,500,0.5,0.58,0.07999999999999996,0.07499999999999996,-0.015000000000000013,-0.15000000000000002
vn,6,600,0.56,0.7,0.1399999999999999,0.04499999999999993,-0.05500000000000005,-0.12000000000000005
vn,6,700,0.59,0.795,0.20500000000000007,0.040000000000000036,-0.04999999999999993,-0.07999999999999996
vn,6,800,0.59,0.825,0.235,0.07500000000000007,-0.025000000000000022,-0.029999999999999916
vn,6,900,0.625,0.855,0.22999999999999998,0.06999999999999995,-0.06999999999999995,-0.03500000000000003
vn,6,1000,0.63,0.885,0.255,0.030000000000000027,-0.07499999999999996,-0.010000000000000009
vn,7,0,0.31,0.285,-0.025000000000000022,-0.020000000000000018,-0.020000000000000018,-0.04999999999999999
vn,7,10,0.34,0.31,-0.030000000000000027,-0.025000000000000022,0.004999999999999949,-0.065
vn,7,25,0.385,0.36,-0.025000000000000022,-0.044999999999999984,0.0,-0.08500000000000002
vn,7,50,0.435,0.395,-0.03999999999999998,-0.04999999999999999,-0.034999999999999976,-0.07
vn,7,75,0.46,0.42,-0.040000000000000036,-0.050000000000000044,-0.020000000000000018,-0.07
vn,7,100,0.48,0.44,-0.03999999999999998,-0.06,-0.02999999999999997,-0.044999999999999984
vn,7,150,0.49,0.46,-0.02999999999999997,-0.044999999999999984,-0.020000000000000018,-0.024999999999999967
vn,7,200,0.495,0.505,0.010000000000000009,-0.010000000000000009,-0.015000000000000013,-0.020000000000000018
vn,7,300,0.545,0.625,0.07999999999999996,0.0050000000000000044,-0.015000000000000013,-0.030000000000000027
vn,7,400,0.65,0.705,0.05499999999999994,0.010000000000000009,-0.11499999999999999,-0.10999999999999999
vn,7,500,0.695,0.79,0.09500000000000008,0.015000000000000013,-0.10499999999999998,-0.15499999999999992
vn,7,600,0.725,0.85,0.125,0.0050000000000000044,-0.15000000000000002,-0.15000000000000002
vn,7,700,0.745,0.885,0.14,0.0,-0.17000000000000004,-0.15500000000000003
vn,7,800,0.75,0.92,0.17000000000000004,0.0050000000000000044,-0.18500000000000005,-0.15500000000000003
vn,7,900,0.745,0.92,0.17500000000000004,0.020000000000000018,-0.19999999999999996,-0.14500000000000002
vn,7,1000,0.765,0.935,0.17000000000000004,0.0,-0.24,-0.16000000000000003
vn,8,0,0.155,0.135,-0.01999999999999999,-0.01999999999999999,-0.010000000000000009,-0.039999999999999994
vn,8,10,0.16,0.11,-0.05,-0.03,-0.01999999999999999,-0.06
vn,8,25,0.15,0.11,-0.039999999999999994,-0.03,-0.024999999999999994,-0.06499999999999999
vn,8,50,0.165,0.14,-0.024999999999999994,-0.05500000000000001,-0.03,-0.09000000000000001
vn,8,75,0.175,0.16,-0.014999999999999986,-0.044999999999999984,-0.03999999999999998,-0.11499999999999999
vn,8,100,0.165,0.205,0.03999999999999998,0.0,0.0050000000000000044,-0.07500000000000001
vn,8,150,0.22,0.25,0.03,-0.015000000000000013,0.014999999999999986,-0.08499999999999999
vn,8,200,0.27,0.305,0.034999999999999976,0.0050000000000000044,0.034999999999999976,-0.1
vn,8,300,0.455,0.485,0.02999999999999997,-0.020000000000000018,0.024999999999999967,-0.07
vn,8,400,0.555,0.565,0.009999999999999898,-0.050000000000000044,0.039999999999999925,-0.07500000000000007
vn,8,500,0.55,0.66,0.10999999999999999,0.0050000000000000044,0.11499999999999999,-0.015000000000000013
vn,8,600,0.605,0.74,0.135,-0.0050000000000000044,0.08499999999999996,-0.05499999999999994
vn,8,700,0.65,0.79,0.14,-0.010000000000000009,0.07999999999999996,-0.05500000000000005
vn,8,800,0.68,0.825,0.1449999999999999,-0.025000000000000022,0.07499999999999996,-0.050000000000000044
vn,8,900,0.69,0.855,0.16500000000000004,-0.009999999999999898,0.06000000000000005,-0.039999999999999925
vn,8,1000,0.695,0.875,0.18000000000000005,-0.0050000000000000044,0.050000000000000044,0.0
vn,9,0,0.175,0.22,0.04500000000000001,0.010000000000000009,-0.004999999999999977,0.21500000000000002
vn,9,10,0.225,0.22,-0.0050000000000000044,0.0050000000000000044,-0.0050000000000000044,0.18000000000000002
vn,9,25,0.3,0.325,0.025000000000000022,0.020000000000000018,-0.02999999999999997,0.16999999999999998
vn,9,50,0.325,0.43,0.10499999999999998,0.04999999999999999,0.010000000000000009,0.16499999999999998
vn,9,75,0.345,0.465,0.12000000000000005,0.050000000000000044,0.015000000000000013,0.14
vn,9,100,0.38,0.49,0.10999999999999999,0.04999999999999999,0.020000000000000018,0.09499999999999997
vn,9,150,0.425,0.565,0.13999999999999996,0.065,0.03500000000000003,0.08500000000000002
vn,9,200,0.485,0.615,0.13,0.06000000000000005,0.010000000000000009,0.08999999999999997
vn,9,300,0.62,0.73,0.10999999999999999,0.040000000000000036,-0.03500000000000003,0.07999999999999996
vn,9,400,0.66,0.815,0.15499999999999992,0.05499999999999994,-0.010000000000000009,0.05999999999999994
vn,9,500,0.685,0.86,0.17499999999999993,0.04999999999999993,-0.015000000000000013,0.009999999999999898
vn,9,600,0.705,0.88,0.17500000000000004,0.030000000000000027,-0.04499999999999993,-0.019999999999999907
vn,9,700,0.715,0.915,0.20000000000000007,0.025000000000000022,-0.04999999999999993,-0.015000000000000013
vn,9,800,0.725,0.93,0.20500000000000007,0.020000000000000018,-0.06499999999999995,-0.03500000000000003
vn,9,900,0.725,0.945,0.21999999999999997,0.020000000000000018,-0.07499999999999996,-0.05499999999999994
vn,9,1000,0.73,0.965,0.235,0.03500000000000003,-0.08499999999999996,-0.05999999999999994
vn,10,0,0.175,0.21,0.035,0.06,0.03,0.0
vn,10,10,0.21,0.25,0.04000000000000001,0.04500000000000001,0.020000000000000018,-0.01999999999999999
vn,10,25,0.3,0.34,0.040000000000000036,0.044999999999999984,0.020000000000000018,-0.10499999999999998
vn,10,50,0.355,0.395,0.040000000000000036,0.07,0.05499999999999999,-0.12499999999999997
vn,10,75,0.42,0.425,0.0050000000000000044,0.04500000000000004,0.03500000000000003,-0.15999999999999998
vn,10,100,0.45,0.44,-0.010000000000000009,0.044999999999999984,0.010000000000000009,-0.195
vn,10,150,0.455,0.465,0.010000000000000009,0.04999999999999999,0.010000000000000009,-0.19
vn,10,200,0.48,0.475,-0.0050000000000000044,0.030000000000000027,0.010000000000000009,-0.21499999999999997
vn,10,300,0.495,0.505,0.010000000000000009,0.025000000000000022,0.0050000000000000044,-0.21999999999999997
vn,10,400,0.505,0.535,0.030000000000000027,0.03500000000000003,0.0,-0.235
vn,10,500,0.575,0.545,-0.029999999999999916,0.0050000000000000044,-0.04999999999999993,-0.29
vn,10,600,0.605,0.595,-0.010000000000000009,0.025000000000000022,-0.040000000000000036,-0.27999999999999997
vn,10,700,0.62,0.665,0.04500000000000004,0.015000000000000013,-0.04500000000000004,-0.245
vn,10,800,0.635,0.705,0.06999999999999995,0.0050000000000000044,-0.050000000000000044,-0.21000000000000002
vn,10,900,0.655,0.73,0.07499999999999996,-0.015000000000000013,-0.040000000000000036,-0.19
vn,10,1000,0.66,0.765,0.10499999999999998,-0.010000000000000009,-0.050000000000000044,-0.16000000000000003
vn,11,0,0.165,0.185,0.01999999999999999,0.024999999999999994,0.06,-0.09000000000000001
vn,11,10,0.185,0.19,0.0050000000000000044,0.010000000000000009,0.03,-0.09999999999999999
vn,11,25,0.205,0.22,0.015000000000000013,0.025000000000000022,0.020000000000000018,-0.07499999999999998
vn,11,50,0.245,0.265,0.020000000000000018,0.0,-0.014999999999999986,-0.1
vn,11,75,0.26,0.275,0.015000000000000013,-0.020000000000000018,0.0050000000000000044,-0.095
vn,11,100,0.265,0.295,0.02999999999999997,0.0,0.0,-0.065
vn,11,150,0.325,0.34,0.015000000000000013,-0.015000000000000013,-0.0050000000000000044,-0.10500000000000001
vn,11,200,0.345,0.355,0.010000000000000009,0.030000000000000027,0.025000000000000022,-0.10499999999999998
vn,11,300,0.42,0.42,0.0,0.0,0.010000000000000009,-0.10499999999999998
vn,11,400,0.48,0.56,0.08000000000000007,0.04500000000000004,0.03500000000000003,-0.09999999999999998
vn,11,500,0.515,0.66,0.14500000000000002,0.10999999999999999,0.010000000000000009,-0.065
vn,11,600,0.62,0.77,0.15000000000000002,0.06999999999999995,-0.04500000000000004,-0.06999999999999995
vn,11,700,0.705,0.84,0.135,0.025000000000000022,-0.11499999999999999,-0.029999999999999916
vn,11,800,0.735,0.895,0.16000000000000003,0.03500000000000003,-0.17000000000000004,0.020000000000000018
vn,11,900,0.76,0.905,0.14500000000000002,0.015000000000000013,-0.18000000000000005,0.015000000000000013
vn,11,1000,0.79,0.91,0.12,0.0050000000000000044,-0.22000000000000008,0.010000000000000009
vn,12,0,0.33,0.33,0.0,0.019999999999999962,-0.015000000000000013,-0.18000000000000002
vn,12,10,0.335,0.34,0.0050000000000000044,0.0050000000000000044,-0.010000000000000009,-0.17500000000000002
vn,12,25,0.355,0.33,-0.024999999999999967,-0.010000000000000009,-0.02999999999999997,-0.19499999999999998
vn,12,50,0.365,0.35,-0.015000000000000013,-0.0050000000000000044,-0.024999999999999967,-0.21
vn,12,75,0.4,0.36,-0.040000000000000036,-0.015000000000000013,-0.040000000000000036,-0.22500000000000003
vn,12,100,0.42,0.39,-0.02999999999999997,-0.014999999999999958,-0.044999999999999984,-0.24
vn,12,150,0.46,0.435,-0.025000000000000022,0.02999999999999997,0.009999999999999953,-0.265
vn,12,200,0.53,0.5,-0.030000000000000027,0.010000000000000009,-0.0050000000000000044,-0.31000000000000005
vn,12,300,0.65,0.615,-0.03500000000000003,-0.03500000000000003,-0.050000000000000044,-0.35500000000000004
vn,12,400,0.68,0.705,0.02499999999999991,-0.010000000000000009,-0.03500000000000003,-0.29500000000000004
vn,12,500,0.695,0.75,0.05500000000000005,0.0,-0.06999999999999995,-0.20499999999999996
vn,12,600,0.685,0.81,0.125,0.004999999999999893,-0.050000000000000044,-0.15000000000000002
vn,12,700,0.705,0.855,0.15000000000000002,0.010000000000000009,-0.07499999999999996,-0.125
vn,12,800,0.7,0.865,0.16500000000000004,0.025000000000000022,-0.07999999999999996,-0.09499999999999997
vn,12,900,0.715,0.89,0.17500000000000004,0.015000000000000013,-0.09999999999999998,-0.08999999999999997
vn,12,1000,0.72,0.905,0.18500000000000005,0.0050000000000000044,-0.10499999999999998,-0.07999999999999996
vn,13,0,0.3,0.22,-0.07999999999999999,-0.065,-0.034999999999999976,-0.07999999999999999
vn,13,10,0.295,0.215,-0.07999999999999999,-0.06,-0.05499999999999999,-0.07499999999999998
vn,13,25,0.28,0.24,-0.040000000000000036,-0.04500000000000004,-0.05000000000000002,-0.05500000000000002
vn,13,50,0.28,0.265,-0.015000000000000013,-0.03500000000000003,-0.025000000000000022,-0.05000000000000002
vn,13,75,0.305,0.28,-0.024999999999999967,-0.044999999999999984,-0.02999999999999997,-0.07499999999999998
vn,13,100,0.355,0.305,-0.04999999999999999,-0.08499999999999996,-0.044999999999999984,-0.12499999999999997
vn,13,150,0.42,0.35,-0.07,-0.07,-0.07,-0.13999999999999996
vn,13,200,0.475,0.43,-0.044999999999999984,-0.065,-0.065,-0.15999999999999998
vn,13,300,0.615,0.59,-0.025000000000000022,-0.10499999999999998,-0.135,-0.19
vn,13,400,0.645,0.67,0.025000000000000022,-0.010000000000000009,-0.14500000000000002,-0.17000000000000004
vn,13,500,0.665,0.7,0.03499999999999992,0.0,-0.13,-0.16000000000000003
vn,13,600,0.69,0.755,0.06500000000000006,-0.014999999999999902,-0.15999999999999992,-0.1299999999999999
vn,13,700,0.69,0.8,0.1100000000000001,0.010000000000000009,-0.1499999999999999,-0.12
vn,13,800,0.71,0.825,0.11499999999999999,0.0,-0.17999999999999994,-0.13
vn,13,900,0.71,0.865,0.15500000000000003,0.0050000000000000044,-0.18999999999999995,-0.11499999999999999
vn,13,1000,0.715,0.89,0.17500000000000004,0.03500000000000003,-0.21499999999999997,-0.09999999999999998
vn,14,0,0.255,0.24,-0.015000000000000013,0.025000000000000022,0.015000000000000013,-0.015000000000000013
vn,14,10,0.29,0.285,-0.0050000000000000044,-0.019999999999999962,-0.03999999999999998,-0.024999999999999967
vn,14,25,0.295,0.27,-0.024999999999999967,-0.010000000000000009,-0.02999999999999997,0.03500000000000003
vn,14,50,0.305,0.31,0.0050000000000000044,0.0,-0.03999999999999998,0.03999999999999998
vn,14,75,0.325,0.34,0.015000000000000013,0.019999999999999962,-0.030000000000000027,0.019999999999999962
vn,14,100,0.345,0.375,0.030000000000000027,0.010000000000000009,-0.05499999999999999,0.025000000000000022
vn,14,150,0.385,0.445,0.06,0.0,-0.07500000000000001,-0.010000000000000009
vn,14,200,0.44,0.5,0.06,-0.015000000000000013,-0.065,-0.010000000000000009
vn,14,300,0.54,0.66,0.12,-0.025000000000000022,-0.06000000000000005,0.0050000000000000044
vn,14,400,0.54,0.725,0.18499999999999994,-0.015000000000000013,-0.08000000000000002,-0.010000000000000009
vn,14,500,0.565,0.77,0.20500000000000007,-0.04999999999999993,-0.12499999999999994,-0.029999999999999916
vn,14,600,0.575,0.775,0.20000000000000007,-0.03499999999999992,-0.10999999999999993,-0.039999999999999925
vn,14,700,0.59,0.81,0.22000000000000008,-0.039999999999999925,-0.15999999999999998,-0.04499999999999993
vn,14,800,0.6,0.84,0.24,-0.04499999999999993,-0.14499999999999996,-0.03500000000000003
vn,14,900,0.61,0.86,0.25,-0.040000000000000036,-0.16499999999999998,-0.040000000000000036
vn,14,1000,0.625,0.875,0.25,-0.050000000000000044,-0.18,-0.030000000000000027
vn,15,0,0.165,0.175,0.009999999999999981,-0.0050000000000000044,0.0050000000000000044,0.07999999999999999
vn,15,10,0.16,0.15,-0.010000000000000009,0.0050000000000000044,-0.010000000000000009,0.13499999999999998
vn,15,25,0.145,0.11,-0.03499999999999999,0.010000000000000009,-0.004999999999999977,0.145
vn,15,50,0.13,0.12,-0.010000000000000009,0.010000000000000009,0.010000000000000009,0.04999999999999999
vn,15,75,0.145,0.14,-0.004999999999999977,0.0,0.015000000000000013,0.04500000000000001
vn,15,100,0.145,0.16,0.015000000000000013,0.010000000000000009,0.03,0.04500000000000001
vn,15,150,0.16,0.225,0.065,0.035,0.05499999999999999,0.04000000000000001
vn,15,200,0.255,0.315,0.06,0.010000000000000009,0.065,-0.035
vn,15,300,0.335,0.365,0.02999999999999997,0.044999999999999984,0.08499999999999996,-0.10000000000000003
vn,15,400,0.39,0.405,0.015000000000000013,0.024999999999999967,0.08499999999999996,-0.14500000000000002
vn,15,500,0.425,0.445,0.020000000000000018,0.030000000000000027,0.09000000000000002,-0.14999999999999997
vn,15,600,0.455,0.47,0.014999999999999958,0.024999999999999967,0.07500000000000001,-0.14500000000000002
vn,15,700,0.455,0.51,0.05499999999999999,0.03999999999999998,0.10500000000000004,-0.12
vn,15,800,0.5,0.555,0.05500000000000005,0.030000000000000027,0.09499999999999997,-0.125
vn,15,900,0.545,0.69,0.1449999999999999,0.05499999999999994,0.06999999999999995,-0.14
vn,15,1000,0.585,0.76,0.17500000000000004,0.03500000000000003,0.05500000000000005,-0.11999999999999994
vn,16,0,0.4,0.365,-0.03500000000000003,-0.0050000000000000044,-0.020000000000000018,-0.03500000000000003
vn,16,10,0.375,0.35,-0.025000000000000022,0.010000000000000009,0.010000000000000009,0.0
vn,16,25,0.355,0.325,-0.02999999999999997,0.03500000000000003,0.040000000000000036,-0.024999999999999967
vn,16,50,0.38,0.32,-0.06,0.010000000000000009,-0.015000000000000013,-0.044999999999999984
vn,16,75,0.405,0.34,-0.065,0.024999999999999967,-0.010000000000000009,-0.08000000000000002
vn,16,100,0.445,0.35,-0.09500000000000003,0.0,-0.020000000000000018,-0.10999999999999999
vn,16,150,0.5,0.36,-0.14,-0.025000000000000022,-0.07500000000000001,-0.14500000000000002
vn,16,200,0.515,0.415,-0.10000000000000003,-0.015000000000000013,-0.07500000000000001,-0.135
vn,16,300,0.66,0.555,-0.10499999999999998,-0.010000000000000009,-0.040000000000000036,-0.14500000000000002
vn,16,400,0.755,0.715,-0.040000000000000036,0.020000000000000018,-0.09999999999999998,-0.135
vn,16,500,0.76,0.845,0.08499999999999996,0.03500000000000003,-0.12,-0.06500000000000006
vn,16,600,0.785,0.885,0.09999999999999998,0.0,-0.15500000000000003,-0.04500000000000004
vn,16,700,0.805,0.89,0.08499999999999996,0.0,-0.19000000000000006,-0.03500000000000003
vn,16,800,0.81,0.9,0.08999999999999997,-0.0050000000000000044,-0.18000000000000005,-0.015000000000000013
vn,16,900,0.825,0.92,0.09500000000000008,-0.0050000000000000044,-0.19999999999999996,-0.02499999999999991
vn,16,1000,0.825,0.925,0.10000000000000009,0.0,-0.18999999999999995,-0.014999999999999902
vn,17,0,0.15,0.135,-0.014999999999999986,-0.06,-0.014999999999999986,-0.11499999999999999
vn,17,10,0.14,0.12,-0.020000000000000018,-0.03500000000000002,-0.015000000000000013,-0.10500000000000001
vn,17,25,0.155,0.14,-0.014999999999999986,-0.039999999999999994,-0.014999999999999986,-0.11499999999999999
vn,17,50,0.18,0.17,-0.009999999999999981,-0.03999999999999998,-0.03999999999999998,-0.13
vn,17,75,0.185,0.18,-0.0050000000000000044,-0.010000000000000009,-0.04999999999999999,-0.13
vn,17,100,0.21,0.21,0.0,-0.009999999999999981,-0.03,-0.145
vn,17,150,0.26,0.28,0.020000000000000018,-0.020000000000000018,-0.035,-0.165
vn,17,200,0.3,0.325,0.025000000000000022,-0.024999999999999967,-0.02999999999999997,-0.175
vn,17,300,0.425,0.44,0.015000000000000013,0.0,-0.06,-0.235
vn,17,400,0.575,0.585,0.010000000000000009,0.0,-0.11499999999999994,-0.22999999999999998
vn,17,500,0.62,0.685,0.06500000000000006,0.020000000000000018,-0.03500000000000003,-0.15000000000000002
vn,17,600,0.665,0.74,0.07499999999999996,0.06499999999999995,-0.08000000000000007,-0.10499999999999998
vn,17,700,0.66,0.8,0.14,0.10999999999999999,-0.04500000000000004,-0.0050000000000000044
vn,17,800,0.66,0.825,0.16499999999999992,0.13,-0.05500000000000005,0.08499999999999996
vn,17,900,0.69,0.84,0.15000000000000002,0.09000000000000008,-0.08999999999999997,0.06500000000000006
vn,17,1000,0.695,0.875,0.18000000000000005,0.08000000000000007,-0.10999999999999999,0.05500000000000005
vn,18,0,0.065,0.13,0.065,0.03,0.07500000000000001,0.095
vn,18,10,0.07,0.115,0.045,0.01999999999999999,0.095,0.024999999999999994
vn,18,25,0.085,0.145,0.059999999999999984,0.024999999999999994,0.08999999999999998,-0.020000000000000004
vn,18,50,0.115,0.17,0.05500000000000001,0.039999999999999994,0.06999999999999999,0.0
vn,18,75,0.13,0.18,0.04999999999999999,0.05499999999999999,0.07999999999999999,0.014999999999999986
vn,18,100,0.17,0.205,0.034999999999999976,0.009999999999999981,0.044999999999999984,0.009999999999999981
vn,18,150,0.22,0.275,0.05500000000000002,0.04500000000000001,0.06499999999999997,0.010000000000000009
vn,18,200,0.285,0.355,0.07,0.025000000000000022,0.050000000000000044,0.0
vn,18,300,0.45,0.51,0.06,0.065,-0.0050000000000000044,-0.040000000000000036
vn,18,400,0.56,0.62,0.05999999999999994,0.05499999999999994,-0.020000000000000018,-0.040000000000000036
vn,18,500,0.68,0.69,0.009999999999999898,0.0050000000000000044,-0.14,-0.030000000000000027
vn,18,600,0.73,0.765,0.03500000000000003,-0.0050000000000000044,-0.15000000000000002,-0.015000000000000013
vn,18,700,0.75,0.795,0.04500000000000004,-0.025000000000000022,-0.16500000000000004,0.020000000000000018
vn,18,800,0.755,0.845,0.08999999999999997,-0.015000000000000013,-0.15000000000000002,0.030000000000000027
vn,18,900,0.77,0.89,0.12,-0.0050000000000000044,-0.15500000000000003,0.04499999999999993
vn,18,1000,0.785,0.91,0.125,-0.020000000000000018,-0.14500000000000002,0.039999999999999925
vn,19,0,0.195,0.145,-0.05000000000000002,-0.04000000000000001,-0.07500000000000001,-0.04500000000000001
vn,19,10,0.19,0.14,-0.04999999999999999,-0.035,-0.024999999999999994,-0.04000000000000001
vn,19,25,0.205,0.16,-0.044999999999999984,-0.034999999999999976,-0.03,-0.044999999999999984
vn,19,50,0.23,0.205,-0.025000000000000022,-0.015000000000000013,-0.03,-0.06
vn,19,75,0.265,0.235,-0.030000000000000027,-0.015000000000000013,-0.04000000000000001,-0.08000000000000002
vn,19,100,0.285,0.285,0.0,-0.004999999999999949,-0.02999999999999997,-0.07499999999999998
vn,19,150,0.345,0.35,0.0050000000000000044,0.015000000000000013,-0.019999999999999962,-0.12499999999999997
vn,19,200,0.41,0.4,-0.009999999999999953,0.020000000000000018,-0.044999999999999984,-0.175
vn,19,300,0.54,0.565,0.02499999999999991,0.03499999999999992,-0.06000000000000005,-0.26
vn,19,400,0.585,0.675,0.09000000000000008,0.06500000000000006,-0.07499999999999996,-0.24999999999999994
vn,19,500,0.645,0.79,0.14500000000000002,0.09499999999999997,-0.08999999999999997,-0.195
vn,19,600,0.72,0.845,0.125,0.020000000000000018,-0.14500000000000002,-0.21999999999999997
vn,19,700,0.73,0.865,0.135,0.025000000000000022,-0.135,-0.21499999999999997
vn,19,800,0.74,0.885,0.14500000000000002,0.010000000000000009,-0.14,-0.21499999999999997
vn,19,900,0.755,0.915,0.16000000000000003,0.010000000000000009,-0.16500000000000004,-0.21999999999999997
vn,19,1000,0.765,0.91,0.14500000000000002,0.010000000000000009,-0.17000000000000004,-0.21999999999999997
