seed_model,group,seed_ablation,noise_level,acc_t1,acc_t2,acc_t3,gain,ece,r_norm,delta_norm
0,Baseline,0,0.0,1.000000,1.000000,1.000000,0.000000,0.091998,3.020053,1.746802
0,A,0,0.0,1.000000,1.000000,1.000000,0.000000,0.203599,0.000000,0.000000
0,C1,avg30,0.0,1.000000,,0.758167,-0.241833,,,
0,C2,0,0.0,1.000000,0.780000,1.000000,0.000000,0.346498,2.659987,1.691022
0,Baseline,0,0.1,1.000000,1.000000,1.000000,0.000000,0.093885,3.022537,1.864884
0,A,0,0.1,1.000000,1.000000,1.000000,0.000000,0.213893,0.000000,0.601194
0,C1,avg30,0.1,1.000000,,0.737667,-0.262333,,,
0,C2,0,0.1,1.000000,0.815000,0.885000,-0.115000,0.224751,2.662036,1.759267
0,Baseline,0,0.2,1.000000,1.000000,1.000000,0.000000,0.099465,3.002357,2.134498
0,A,0,0.2,1.000000,0.995000,0.990000,-0.010000,0.233130,0.000000,1.251975
0,C1,avg30,0.2,1.000000,,0.714667,-0.285333,,,
0,C2,0,0.2,1.000000,0.855000,0.860000,-0.140000,0.200996,2.662220,2.038251
0,Baseline,0,0.3,0.935000,1.000000,0.995000,0.060000,0.103831,2.972582,2.458667
0,A,0,0.3,0.935000,0.990000,0.945000,0.010000,0.233395,0.000000,1.925363
0,C1,avg30,0.3,0.935000,,0.684167,-0.250833,,,
0,C2,0,0.3,0.935000,0.830000,0.790000,-0.145000,0.143054,2.664429,2.482483
0,Baseline,0,0.4,0.900000,0.975000,0.975000,0.075000,0.103781,2.956697,2.832278
0,A,0,0.4,0.900000,0.920000,0.830000,-0.070000,0.163886,0.000000,2.573425
0,C1,avg30,0.4,0.900000,,0.642500,-0.257500,,,
0,C2,0,0.4,0.900000,0.815000,0.725000,-0.175000,0.100851,2.677336,3.012310
0,Baseline,0,0.5,0.815000,0.910000,0.955000,0.140000,0.116016,2.964384,3.258976
0,A,0,0.5,0.815000,0.825000,0.780000,-0.035000,0.107526,0.000000,3.192427
0,C1,avg30,0.5,0.815000,,0.601833,-0.213167,,,
0,C2,0,0.5,0.815000,0.780000,0.695000,-0.120000,0.111183,2.705000,3.560177
0,Baseline,0,0.6,0.735000,0.860000,0.885000,0.150000,0.067236,2.995478,3.693890
0,A,0,0.6,0.735000,0.770000,0.675000,-0.060000,0.061137,0.000000,3.784680
0,C1,avg30,0.6,0.735000,,0.563667,-0.171333,,,
0,C2,0,0.6,0.735000,0.705000,0.670000,-0.065000,0.078047,2.735562,4.116899
0,Baseline,0,0.7,0.695000,0.810000,0.815000,0.120000,0.045484,3.035648,4.136430
0,A,0,0.7,0.695000,0.690000,0.605000,-0.090000,0.069579,0.000000,4.359335
0,C1,avg30,0.7,0.695000,,0.525667,-0.169333,,,
0,C2,0,0.7,0.695000,0.655000,0.655000,-0.040000,0.089265,2.755266,4.626400
0,Baseline,0,0.8,0.615000,0.735000,0.735000,0.120000,0.077338,3.078909,4.597544
0,A,0,0.8,0.615000,0.615000,0.540000,-0.075000,0.144989,0.000000,4.916647
0,C1,avg30,0.8,0.615000,,0.493833,-0.121167,,,
0,C2,0,0.8,0.615000,0.620000,0.600000,-0.015000,0.121512,2.772703,5.129608
0,Baseline,0,0.9,0.565000,0.665000,0.675000,0.110000,0.107379,3.124531,5.076079
0,A,0,0.9,0.565000,0.550000,0.495000,-0.070000,0.211426,0.000000,5.460191
0,C1,avg30,0.9,0.565000,,0.463167,-0.101833,,,
0,C2,0,0.9,0.565000,0.570000,0.560000,-0.005000,0.197296,2.803357,5.630928
0,Baseline,0,1.0,0.495000,0.600000,0.620000,0.125000,0.167353,3.176915,5.556947
0,A,0,1.0,0.495000,0.520000,0.475000,-0.020000,0.245304,0.000000,5.994916
0,C1,avg30,1.0,0.495000,,0.441167,-0.053833,,,
0,C2,0,1.0,0.495000,0.520000,0.510000,0.015000,0.209255,2.843010,6.127326
1,Baseline,0,0.0,1.000000,1.000000,1.000000,0.000000,0.006974,3.535627,3.093491
1,A,0,0.0,1.000000,1.000000,1.000000,0.000000,0.206029,0.000000,0.000000
1,C1,avg30,0.0,1.000000,,0.666333,-0.333667,,,
1,C2,0,0.0,1.000000,1.000000,0.790000,-0.210000,0.199859,2.150907,1.831639
1,Baseline,0,0.1,0.995000,1.000000,1.000000,0.005000,0.007877,3.529250,3.112027
1,A,0,0.1,0.995000,1.000000,0.995000,0.000000,0.209440,0.000000,0.629291
1,C1,avg30,0.1,0.995000,,0.662667,-0.332333,,,
1,C2,0,0.1,0.995000,1.000000,0.880000,-0.115000,0.102472,2.138589,1.999980
1,Baseline,0,0.2,0.955000,1.000000,1.000000,0.045000,0.011947,3.503430,3.256886
1,A,0,0.2,0.955000,0.975000,0.960000,0.005000,0.187254,0.000000,1.334096
1,C1,avg30,0.2,0.955000,,0.650000,-0.305000,,,
1,C2,0,0.2,0.955000,0.965000,0.885000,-0.070000,0.095820,2.132954,2.409537
1,Baseline,0,0.3,0.905000,0.990000,0.995000,0.090000,0.015678,3.471674,3.503737
1,A,0,0.3,0.905000,0.950000,0.905000,0.000000,0.148427,0.000000,2.081821
1,C1,avg30,0.3,0.905000,,0.624333,-0.280667,,,
1,C2,0,0.3,0.905000,0.895000,0.860000,-0.045000,0.060038,2.126865,2.946311
1,Baseline,0,0.4,0.830000,0.960000,0.985000,0.155000,0.024688,3.427593,3.835189
1,A,0,0.4,0.830000,0.875000,0.810000,-0.020000,0.066918,0.000000,2.839864
1,C1,avg30,0.4,0.830000,,0.590667,-0.239333,,,
1,C2,0,0.4,0.830000,0.850000,0.810000,-0.020000,0.056644,2.122828,3.551505
1,Baseline,0,0.5,0.770000,0.915000,0.970000,0.200000,0.039745,3.388532,4.214745
1,A,0,0.5,0.770000,0.815000,0.730000,-0.040000,0.035693,0.000000,3.599721
1,C1,avg30,0.5,0.770000,,0.554833,-0.215167,,,
1,C2,0,0.5,0.770000,0.785000,0.765000,-0.005000,0.035665,2.127791,4.202072
1,Baseline,0,0.6,0.720000,0.870000,0.905000,0.185000,0.026031,3.367513,4.633778
1,A,0,0.6,0.720000,0.745000,0.670000,-0.050000,0.068655,0.000000,4.341515
1,C1,avg30,0.6,0.720000,,0.523667,-0.196333,,,
1,C2,0,0.6,0.720000,0.735000,0.690000,-0.030000,0.091570,2.156521,4.890106
1,Baseline,0,0.7,0.675000,0.790000,0.835000,0.160000,0.054735,3.345986,5.079502
1,A,0,0.7,0.675000,0.690000,0.625000,-0.050000,0.133182,0.000000,5.048303
1,C1,avg30,0.7,0.675000,,0.494833,-0.180167,,,
1,C2,0,0.7,0.675000,0.660000,0.635000,-0.040000,0.152703,2.191024,5.576733
1,Baseline,0,0.8,0.625000,0.745000,0.790000,0.165000,0.091795,3.337952,5.544550
1,A,0,0.8,0.625000,0.640000,0.560000,-0.065000,0.186331,0.000000,5.722232
1,C1,avg30,0.8,0.625000,,0.467500,-0.157500,,,
1,C2,0,0.8,0.625000,0.600000,0.580000,-0.045000,0.212057,2.231103,6.248005
1,Baseline,0,0.9,0.575000,0.670000,0.680000,0.105000,0.162192,3.347150,6.043111
1,A,0,0.9,0.575000,0.605000,0.530000,-0.045000,0.228106,0.000000,6.374205
1,C1,avg30,0.9,0.575000,,0.448167,-0.126833,,,
1,C2,0,0.9,0.575000,0.570000,0.535000,-0.040000,0.286285,2.283707,6.896829
1,Baseline,0,1.0,0.535000,0.625000,0.635000,0.100000,0.222723,3.357014,6.571568
1,A,0,1.0,0.535000,0.580000,0.490000,-0.045000,0.280198,0.000000,7.006541
1,C1,avg30,1.0,0.535000,,0.430333,-0.104667,,,
1,C2,0,1.0,0.535000,0.525000,0.500000,-0.035000,0.307002,2.339974,7.520369
2,Baseline,0,0.0,1.000000,1.000000,1.000000,0.000000,0.013045,3.628347,3.292986
2,A,0,0.0,1.000000,1.000000,1.000000,0.000000,0.235276,0.000000,0.000000
2,C1,avg30,0.0,1.000000,,0.704500,-0.295500,,,
2,C2,0,0.0,1.000000,1.000000,1.000000,0.000000,0.124801,2.630676,1.578686
2,Baseline,0,0.1,1.000000,1.000000,1.000000,0.000000,0.014680,3.604048,3.418403
2,A,0,0.1,1.000000,1.000000,1.000000,0.000000,0.253033,0.000000,0.860829
2,C1,avg30,0.1,1.000000,,0.704000,-0.296000,,,
2,C2,0,0.1,1.000000,1.000000,1.000000,0.000000,0.129024,2.630183,1.791915
2,Baseline,0,0.2,0.970000,1.000000,1.000000,0.030000,0.020703,3.565442,3.716381
2,A,0,0.2,0.970000,0.965000,0.955000,-0.015000,0.238024,0.000000,1.669390
2,C1,avg30,0.2,0.970000,,0.681167,-0.288833,,,
2,C2,0,0.2,0.970000,1.000000,0.985000,0.015000,0.134666,2.630071,2.291130
2,Baseline,0,0.3,0.920000,1.000000,1.000000,0.080000,0.032304,3.529489,4.093719
2,A,0,0.3,0.920000,0.935000,0.875000,-0.045000,0.181946,0.000000,2.478972
2,C1,avg30,0.3,0.920000,,0.659000,-0.261000,,,
2,C2,0,0.3,0.920000,0.960000,0.965000,0.045000,0.138145,2.645501,2.914397
2,Baseline,0,0.4,0.820000,0.975000,0.995000,0.175000,0.049566,3.498461,4.501254
2,A,0,0.4,0.820000,0.825000,0.770000,-0.050000,0.101447,0.000000,3.258166
2,C1,avg30,0.4,0.820000,,0.630167,-0.189833,,,
2,C2,0,0.4,0.820000,0.910000,0.895000,0.075000,0.095234,2.682667,3.578398
2,Baseline,0,0.5,0.750000,0.950000,0.960000,0.210000,0.054054,3.482548,4.961497
2,A,0,0.5,0.750000,0.690000,0.715000,-0.035000,0.075345,0.000000,4.020235
2,C1,avg30,0.5,0.750000,,0.596833,-0.153167,,,
2,C2,0,0.5,0.750000,0.810000,0.845000,0.095000,0.064422,2.742257,4.274107
2,Baseline,0,0.6,0.710000,0.895000,0.940000,0.230000,0.051390,3.478128,5.450608
2,A,0,0.6,0.710000,0.630000,0.640000,-0.070000,0.082459,0.000000,4.754812
2,C1,avg30,0.6,0.710000,,0.561167,-0.148833,,,
2,C2,0,0.6,0.710000,0.705000,0.790000,0.080000,0.065054,2.800735,4.988807
2,Baseline,0,0.7,0.600000,0.815000,0.855000,0.255000,0.054969,3.486819,5.954901
2,A,0,0.7,0.600000,0.590000,0.600000,0.000000,0.100330,0.000000,5.468049
2,C1,avg30,0.7,0.600000,,0.528667,-0.071333,,,
2,C2,0,0.7,0.600000,0.665000,0.730000,0.130000,0.095445,2.860543,5.689687
2,Baseline,0,0.8,0.545000,0.735000,0.790000,0.245000,0.079627,3.509713,6.496207
2,A,0,0.8,0.545000,0.545000,0.550000,0.005000,0.171361,0.000000,6.165530
2,C1,avg30,0.8,0.545000,,0.497500,-0.047500,,,
2,C2,0,0.8,0.545000,0.635000,0.655000,0.110000,0.131291,2.926645,6.380421
2,Baseline,0,0.9,0.490000,0.660000,0.705000,0.215000,0.129821,3.549093,7.068743
2,A,0,0.9,0.490000,0.510000,0.500000,0.010000,0.209061,0.000000,6.850600
2,C1,avg30,0.9,0.490000,,0.468667,-0.021333,,,
2,C2,0,0.9,0.490000,0.580000,0.610000,0.120000,0.196210,2.990904,7.059231
2,Baseline,0,1.0,0.415000,0.625000,0.650000,0.235000,0.178062,3.599130,7.664834
2,A,0,1.0,0.415000,0.480000,0.475000,0.060000,0.247877,0.000000,7.528161
2,C1,avg30,1.0,0.415000,,0.445833,0.030833,,,
2,C2,0,1.0,0.415000,0.525000,0.555000,0.140000,0.224242,3.055491,7.728499
3,Baseline,0,0.0,1.000000,1.000000,1.000000,0.000000,0.060500,3.731989,2.947729
3,A,0,0.0,1.000000,1.000000,1.000000,0.000000,0.240434,0.000000,0.000000
3,C1,avg30,0.0,1.000000,,0.835500,-0.164500,,,
3,C2,0,0.0,1.000000,0.580000,0.790000,-0.210000,0.202731,3.205668,1.436639
3,Baseline,0,0.1,0.925000,1.000000,1.000000,0.075000,0.064661,3.731548,3.039978
3,A,0,0.1,0.925000,0.940000,0.915000,-0.010000,0.161714,0.000000,0.711387
3,C1,avg30,0.1,0.925000,,0.822333,-0.102667,,,
3,C2,0,0.1,0.925000,0.620000,0.715000,-0.210000,0.100042,3.173013,1.725572
3,Baseline,0,0.2,0.900000,0.985000,0.985000,0.085000,0.066882,3.743672,3.283366
3,A,0,0.2,0.900000,0.920000,0.890000,-0.010000,0.178386,0.000000,1.427377
3,C1,avg30,0.2,0.900000,,0.788167,-0.111833,,,
3,C2,0,0.2,0.900000,0.630000,0.660000,-0.240000,0.051628,3.129564,2.217246
3,Baseline,0,0.3,0.860000,0.955000,0.960000,0.100000,0.062647,3.780902,3.632781
3,A,0,0.3,0.860000,0.890000,0.880000,0.020000,0.168109,0.000000,2.143386
3,C1,avg30,0.3,0.860000,,0.742833,-0.117167,,,
3,C2,0,0.3,0.860000,0.650000,0.585000,-0.275000,0.070680,3.080165,2.760839
3,Baseline,0,0.4,0.800000,0.885000,0.895000,0.095000,0.067755,3.833296,4.047433
3,A,0,0.4,0.800000,0.800000,0.795000,-0.005000,0.113568,0.000000,2.851032
3,C1,avg30,0.4,0.800000,,0.696500,-0.103500,,,
3,C2,0,0.4,0.800000,0.640000,0.535000,-0.265000,0.136602,3.034542,3.341817
3,Baseline,0,0.5,0.735000,0.795000,0.850000,0.115000,0.048988,3.892648,4.511479
3,A,0,0.5,0.735000,0.735000,0.720000,-0.015000,0.073117,0.000000,3.519853
3,C1,avg30,0.5,0.735000,,0.646000,-0.089000,,,
3,C2,0,0.5,0.735000,0.600000,0.490000,-0.245000,0.166416,3.031867,3.949148
3,Baseline,0,0.6,0.705000,0.730000,0.785000,0.080000,0.074625,3.956175,4.986325
3,A,0,0.6,0.705000,0.670000,0.650000,-0.055000,0.061821,0.000000,4.155134
3,C1,avg30,0.6,0.705000,,0.591000,-0.114000,,,
3,C2,0,0.6,0.705000,0.580000,0.490000,-0.215000,0.183987,3.061941,4.546444
3,Baseline,0,0.7,0.615000,0.675000,0.715000,0.100000,0.092368,4.017742,5.490953
3,A,0,0.7,0.615000,0.590000,0.595000,-0.020000,0.107798,0.000000,4.768926
3,C1,avg30,0.7,0.615000,,0.543333,-0.071667,,,
3,C2,0,0.7,0.615000,0.570000,0.460000,-0.155000,0.218638,3.101926,5.145361
3,Baseline,0,0.8,0.570000,0.600000,0.625000,0.055000,0.165225,4.079490,6.026612
3,A,0,0.8,0.570000,0.545000,0.525000,-0.045000,0.173542,0.000000,5.360872
3,C1,avg30,0.8,0.570000,,0.491500,-0.078500,,,
3,C2,0,0.8,0.570000,0.515000,0.415000,-0.155000,0.276026,3.154016,5.726247
3,Baseline,0,0.9,0.535000,0.545000,0.565000,0.030000,0.223527,4.137943,6.570866
3,A,0,0.9,0.535000,0.515000,0.460000,-0.075000,0.244996,0.000000,5.940865
3,C1,avg30,0.9,0.535000,,0.450167,-0.084833,,,
3,C2,0,0.9,0.535000,0.515000,0.390000,-0.145000,0.309120,3.215556,6.294964
3,Baseline,0,1.0,0.500000,0.510000,0.475000,-0.025000,0.325208,4.194931,7.117228
3,A,0,1.0,0.500000,0.475000,0.425000,-0.075000,0.295089,0.000000,6.515790
3,C1,avg30,1.0,0.500000,,0.416500,-0.083500,,,
3,C2,0,1.0,0.500000,0.460000,0.385000,-0.115000,0.326750,3.281891,6.849765
4,Baseline,0,0.0,1.000000,1.000000,1.000000,0.000000,0.014955,2.836890,2.163991
4,A,0,0.0,1.000000,1.000000,1.000000,0.000000,0.201297,0.000000,0.000000
4,C1,avg30,0.0,1.000000,,0.891500,-0.108500,,,
4,C2,0,0.0,1.000000,1.000000,0.625000,-0.375000,0.239459,1.815526,1.041506
4,Baseline,0,0.1,0.990000,1.000000,1.000000,0.010000,0.015792,2.847697,2.335286
4,A,0,0.1,0.990000,0.990000,0.990000,0.000000,0.198624,0.000000,0.705322
4,C1,avg30,0.1,0.990000,,0.885167,-0.104833,,,
4,C2,0,0.1,0.990000,0.935000,0.755000,-0.235000,0.111615,1.805717,1.256944
4,Baseline,0,0.2,0.965000,1.000000,1.000000,0.035000,0.019577,2.878200,2.668193
4,A,0,0.2,0.965000,0.955000,0.950000,-0.015000,0.169333,0.000000,1.409584
4,C1,avg30,0.2,0.965000,,0.862667,-0.102333,,,
4,C2,0,0.2,0.965000,0.890000,0.815000,-0.150000,0.098949,1.822488,1.756829
4,Baseline,0,0.3,0.900000,0.995000,1.000000,0.100000,0.030013,2.919145,3.105882
4,A,0,0.3,0.900000,0.905000,0.910000,0.010000,0.145488,0.000000,2.131162
4,C1,avg30,0.3,0.900000,,0.828500,-0.071500,,,
4,C2,0,0.3,0.900000,0.860000,0.805000,-0.095000,0.062271,1.860942,2.370699
4,Baseline,0,0.4,0.830000,0.980000,1.000000,0.170000,0.054350,2.977673,3.612616
4,A,0,0.4,0.830000,0.850000,0.835000,0.005000,0.098475,0.000000,2.866095
4,C1,avg30,0.4,0.830000,,0.783500,-0.046500,,,
4,C2,0,0.4,0.830000,0.810000,0.780000,-0.050000,0.073137,1.912128,3.013921
4,Baseline,0,0.5,0.755000,0.940000,0.965000,0.210000,0.066730,3.047048,4.153357
4,A,0,0.5,0.755000,0.760000,0.760000,0.005000,0.041196,0.000000,3.588837
4,C1,avg30,0.5,0.755000,,0.738500,-0.016500,,,
4,C2,0,0.5,0.755000,0.775000,0.725000,-0.030000,0.063905,1.983118,3.644388
4,Baseline,0,0.6,0.685000,0.885000,0.880000,0.195000,0.058007,3.136986,4.728781
4,A,0,0.6,0.685000,0.730000,0.695000,0.010000,0.056864,0.000000,4.272860
4,C1,avg30,0.6,0.685000,,0.695167,0.010167,,,
4,C2,0,0.6,0.685000,0.735000,0.660000,-0.025000,0.109932,2.065680,4.257703
4,Baseline,0,0.7,0.650000,0.825000,0.825000,0.175000,0.052450,3.230336,5.311100
4,A,0,0.7,0.650000,0.670000,0.645000,-0.005000,0.136596,0.000000,4.926384
4,C1,avg30,0.7,0.650000,,0.651333,0.001333,,,
4,C2,0,0.7,0.650000,0.685000,0.625000,-0.025000,0.124459,2.149774,4.847850
4,Baseline,0,0.8,0.585000,0.795000,0.775000,0.190000,0.104514,3.322105,5.885548
4,A,0,0.8,0.585000,0.645000,0.600000,0.015000,0.151304,0.000000,5.547117
4,C1,avg30,0.8,0.585000,,0.608500,0.023500,,,
4,C2,0,0.8,0.585000,0.620000,0.570000,-0.015000,0.174938,2.231648,5.424310
4,Baseline,0,0.9,0.535000,0.715000,0.700000,0.165000,0.142655,3.411152,6.452514
4,A,0,0.9,0.535000,0.605000,0.535000,0.000000,0.220834,0.000000,6.159022
4,C1,avg30,0.9,0.535000,,0.562500,0.027500,,,
4,C2,0,0.9,0.535000,0.560000,0.535000,0.000000,0.228160,2.315424,5.982370
4,Baseline,0,1.0,0.505000,0.675000,0.620000,0.115000,0.203051,3.498422,7.016572
4,A,0,1.0,0.505000,0.570000,0.520000,0.015000,0.248211,0.000000,6.753611
4,C1,avg30,1.0,0.505000,,0.525500,0.020500,,,
4,C2,0,1.0,0.505000,0.505000,0.500000,-0.005000,0.258215,2.398848,6.533529
5,Baseline,0,0.0,1.000000,1.000000,1.000000,0.000000,0.060164,3.022396,2.398911
5,A,0,0.0,1.000000,1.000000,1.000000,0.000000,0.309625,0.000000,0.000000
5,C1,avg30,0.0,1.000000,,0.646000,-0.354000,,,
5,C2,0,0.0,1.000000,1.000000,1.000000,0.000000,0.098799,3.009258,2.321916
5,Baseline,0,0.1,0.995000,1.000000,1.000000,0.005000,0.061231,3.009577,2.478499
5,A,0,0.1,0.995000,1.000000,1.000000,0.005000,0.316052,0.000000,0.635796
5,C1,avg30,0.1,0.995000,,0.649000,-0.346000,,,
5,C2,0,0.1,0.995000,1.000000,1.000000,0.005000,0.102346,3.023622,2.414716
5,Baseline,0,0.2,0.910000,1.000000,1.000000,0.090000,0.064577,2.981245,2.672966
5,A,0,0.2,0.910000,0.945000,0.925000,0.015000,0.256845,0.000000,1.256016
5,C1,avg30,0.2,0.910000,,0.642500,-0.267500,,,
5,C2,0,0.2,0.910000,0.990000,1.000000,0.090000,0.120679,3.023577,2.705526
5,Baseline,0,0.3,0.825000,0.980000,1.000000,0.175000,0.072100,2.940284,2.916592
5,A,0,0.3,0.825000,0.835000,0.875000,0.050000,0.209290,0.000000,1.878389
5,C1,avg30,0.3,0.825000,,0.633000,-0.192000,,,
5,C2,0,0.3,0.825000,0.945000,0.980000,0.155000,0.125022,3.022418,3.093324
5,Baseline,0,0.4,0.710000,0.950000,0.995000,0.285000,0.085892,2.900638,3.194522
5,A,0,0.4,0.710000,0.745000,0.810000,0.100000,0.160311,0.000000,2.483523
5,C1,avg30,0.4,0.710000,,0.615833,-0.094167,,,
5,C2,0,0.4,0.710000,0.860000,0.945000,0.235000,0.121439,3.034452,3.508246
5,Baseline,0,0.5,0.645000,0.890000,0.960000,0.315000,0.078875,2.880123,3.494036
5,A,0,0.5,0.645000,0.680000,0.755000,0.110000,0.102019,0.000000,3.059408
5,C1,avg30,0.5,0.645000,,0.587667,-0.057333,,,
5,C2,0,0.5,0.645000,0.795000,0.840000,0.195000,0.081505,3.059409,3.947407
5,Baseline,0,0.6,0.595000,0.835000,0.925000,0.330000,0.072975,2.871697,3.812906
5,A,0,0.6,0.595000,0.620000,0.670000,0.075000,0.052393,0.000000,3.619434
5,C1,avg30,0.6,0.595000,,0.557833,-0.037167,,,
5,C2,0,0.6,0.595000,0.750000,0.800000,0.205000,0.061240,3.095514,4.424566
5,Baseline,0,0.7,0.555000,0.760000,0.860000,0.305000,0.054575,2.878413,4.166379
5,A,0,0.7,0.555000,0.595000,0.630000,0.075000,0.088210,0.000000,4.152708
5,C1,avg30,0.7,0.555000,,0.529333,-0.025667,,,
5,C2,0,0.7,0.555000,0.700000,0.740000,0.185000,0.064604,3.137234,4.899053
5,Baseline,0,0.8,0.520000,0.690000,0.795000,0.275000,0.062336,2.893031,4.545607
5,A,0,0.8,0.520000,0.565000,0.580000,0.060000,0.116738,0.000000,4.668240
5,C1,avg30,0.8,0.520000,,0.510167,-0.009833,,,
5,C2,0,0.8,0.520000,0.645000,0.665000,0.145000,0.114468,3.178313,5.364529
5,Baseline,0,0.9,0.490000,0.640000,0.765000,0.275000,0.076737,2.916939,4.950560
5,A,0,0.9,0.490000,0.540000,0.555000,0.065000,0.152879,0.000000,5.175824
5,C1,avg30,0.9,0.490000,,0.487500,-0.002500,,,
5,C2,0,0.9,0.490000,0.585000,0.620000,0.130000,0.167283,3.223674,5.832238
5,Baseline,0,1.0,0.470000,0.600000,0.685000,0.215000,0.118073,2.945298,5.368639
5,A,0,1.0,0.470000,0.500000,0.540000,0.070000,0.175491,0.000000,5.674767
5,C1,avg30,1.0,0.470000,,0.468833,-0.001167,,,
5,C2,0,1.0,0.470000,0.540000,0.605000,0.135000,0.180912,3.267024,6.298826
6,Baseline,0,0.0,0.830000,1.000000,1.000000,0.170000,0.210885,3.027082,1.911914
6,A,0,0.0,0.830000,0.830000,0.830000,0.000000,0.253463,0.000000,0.000000
6,C1,avg30,0.0,0.830000,,0.674167,-0.155833,,,
6,C2,0,0.0,0.830000,0.640000,0.590000,-0.240000,0.332385,2.421417,1.116831
6,Baseline,0,0.1,0.805000,1.000000,0.995000,0.190000,0.211264,3.015600,1.992032
6,A,0,0.1,0.805000,0.805000,0.800000,-0.005000,0.222507,0.000000,0.537802
6,C1,avg30,0.1,0.805000,,0.680500,-0.124500,,,
6,C2,0,0.1,0.805000,0.735000,0.780000,-0.025000,0.228264,2.405851,1.253365
6,Baseline,0,0.2,0.785000,0.970000,0.980000,0.195000,0.197641,2.977485,2.168595
6,A,0,0.2,0.785000,0.760000,0.775000,-0.010000,0.192550,0.000000,1.040946
6,C1,avg30,0.2,0.785000,,0.669667,-0.115333,,,
6,C2,0,0.2,0.785000,0.765000,0.755000,-0.030000,0.191022,2.400702,1.579836
6,Baseline,0,0.3,0.755000,0.915000,0.970000,0.215000,0.199740,2.917290,2.405241
6,A,0,0.3,0.755000,0.725000,0.745000,-0.010000,0.164435,0.000000,1.547953
6,C1,avg30,0.3,0.755000,,0.655667,-0.099333,,,
6,C2,0,0.3,0.755000,0.725000,0.690000,-0.065000,0.177815,2.418402,1.940917
6,Baseline,0,0.4,0.700000,0.860000,0.935000,0.235000,0.183411,2.846613,2.660124
6,A,0,0.4,0.700000,0.625000,0.715000,0.015000,0.140651,0.000000,2.047001
6,C1,avg30,0.4,0.700000,,0.628333,-0.071667,,,
6,C2,0,0.4,0.700000,0.660000,0.655000,-0.045000,0.088838,2.448219,2.338903
6,Baseline,0,0.5,0.630000,0.765000,0.885000,0.255000,0.149545,2.809443,2.924064
6,A,0,0.5,0.630000,0.600000,0.660000,0.030000,0.088548,0.000000,2.518287
6,C1,avg30,0.5,0.630000,,0.588167,-0.041833,,,
6,C2,0,0.5,0.630000,0.625000,0.620000,-0.010000,0.067982,2.493784,2.746305
6,Baseline,0,0.6,0.590000,0.720000,0.795000,0.205000,0.089781,2.821223,3.195855
6,A,0,0.6,0.590000,0.560000,0.620000,0.030000,0.051926,0.000000,2.982054
6,C1,avg30,0.6,0.590000,,0.542833,-0.047167,,,
6,C2,0,0.6,0.590000,0.575000,0.570000,-0.020000,0.088494,2.540893,3.139734
6,Baseline,0,0.7,0.570000,0.620000,0.750000,0.180000,0.069499,2.855045,3.486154
6,A,0,0.7,0.570000,0.505000,0.610000,0.040000,0.049134,0.000000,3.438353
6,C1,avg30,0.7,0.570000,,0.509167,-0.060833,,,
6,C2,0,0.7,0.570000,0.540000,0.550000,-0.020000,0.074542,2.597323,3.544027
6,Baseline,0,0.8,0.520000,0.565000,0.675000,0.155000,0.076556,2.879361,3.805558
6,A,0,0.8,0.520000,0.475000,0.535000,0.015000,0.062184,0.000000,3.888760
6,C1,avg30,0.8,0.520000,,0.475667,-0.044333,,,
6,C2,0,0.8,0.520000,0.480000,0.515000,-0.005000,0.123398,2.649870,3.954458
6,Baseline,0,0.9,0.465000,0.545000,0.620000,0.155000,0.090299,2.900522,4.131148
6,A,0,0.9,0.465000,0.455000,0.485000,0.020000,0.119747,0.000000,4.332048
6,C1,avg30,0.9,0.465000,,0.443167,-0.021833,,,
6,C2,0,0.9,0.465000,0.435000,0.460000,-0.005000,0.171688,2.703891,4.365353
6,Baseline,0,1.0,0.440000,0.495000,0.595000,0.155000,0.103703,2.920015,4.466964
6,A,0,1.0,0.440000,0.415000,0.470000,0.030000,0.148053,0.000000,4.769800
6,C1,avg30,1.0,0.440000,,0.418333,-0.021667,,,
6,C2,0,1.0,0.440000,0.405000,0.440000,0.000000,0.216405,2.757700,4.786284
7,Baseline,0,0.0,1.000000,1.000000,1.000000,0.000000,0.089890,2.751964,2.070021
7,A,0,0.0,1.000000,1.000000,1.000000,0.000000,0.218583,0.000000,0.000000
7,C1,avg30,0.0,1.000000,,0.652500,-0.347500,,,
7,C2,0,0.0,1.000000,0.840000,0.840000,-0.160000,0.401164,2.516791,1.959154
7,Baseline,0,0.1,1.000000,1.000000,1.000000,0.000000,0.092920,2.746939,2.166423
7,A,0,0.1,1.000000,1.000000,1.000000,0.000000,0.227848,0.000000,0.640705
7,C1,avg30,0.1,1.000000,,0.645000,-0.355000,,,
7,C2,0,0.1,1.000000,0.785000,0.810000,-0.190000,0.355216,2.508709,2.093554
7,Baseline,0,0.2,0.985000,0.995000,1.000000,0.015000,0.102155,2.721754,2.372335
7,A,0,0.2,0.985000,0.995000,0.990000,0.005000,0.244950,0.000000,1.282830
7,C1,avg30,0.2,0.985000,,0.623500,-0.361500,,,
7,C2,0,0.2,0.985000,0.790000,0.755000,-0.230000,0.246819,2.496609,2.336809
7,Baseline,0,0.3,0.950000,0.985000,1.000000,0.050000,0.123605,2.697383,2.645918
7,A,0,0.3,0.950000,0.955000,0.935000,-0.015000,0.227042,0.000000,1.919011
7,C1,avg30,0.3,0.950000,,0.605000,-0.345000,,,
7,C2,0,0.3,0.950000,0.720000,0.680000,-0.270000,0.138844,2.478645,2.692188
7,Baseline,0,0.4,0.870000,0.955000,0.985000,0.115000,0.139678,2.687739,2.973219
7,A,0,0.4,0.870000,0.885000,0.850000,-0.020000,0.169739,0.000000,2.545937
7,C1,avg30,0.4,0.870000,,0.583000,-0.287000,,,
7,C2,0,0.4,0.870000,0.675000,0.660000,-0.210000,0.103910,2.473335,3.123424
7,Baseline,0,0.5,0.765000,0.890000,0.935000,0.170000,0.119808,2.696177,3.331969
7,A,0,0.5,0.765000,0.810000,0.765000,0.000000,0.129669,0.000000,3.154699
7,C1,avg30,0.5,0.765000,,0.557333,-0.207667,,,
7,C2,0,0.5,0.765000,0.660000,0.605000,-0.160000,0.089754,2.490145,3.592732
7,Baseline,0,0.6,0.685000,0.820000,0.865000,0.180000,0.105538,2.728323,3.708453
7,A,0,0.6,0.685000,0.740000,0.690000,0.005000,0.052017,0.000000,3.729901
7,C1,avg30,0.6,0.685000,,0.530167,-0.154833,,,
7,C2,0,0.6,0.685000,0.620000,0.590000,-0.095000,0.075569,2.525727,4.074100
7,Baseline,0,0.7,0.620000,0.785000,0.750000,0.130000,0.075766,2.773858,4.090321
7,A,0,0.7,0.620000,0.690000,0.630000,0.010000,0.076887,0.000000,4.271439
7,C1,avg30,0.7,0.620000,,0.502333,-0.117667,,,
7,C2,0,0.7,0.620000,0.570000,0.565000,-0.055000,0.124342,2.575571,4.563395
7,Baseline,0,0.8,0.540000,0.680000,0.700000,0.160000,0.090612,2.826018,4.499098
7,A,0,0.8,0.540000,0.615000,0.575000,0.035000,0.091832,0.000000,4.790036
7,C1,avg30,0.8,0.540000,,0.474167,-0.065833,,,
7,C2,0,0.8,0.540000,0.560000,0.525000,-0.015000,0.168382,2.635341,5.042696
7,Baseline,0,0.9,0.500000,0.640000,0.640000,0.140000,0.157193,2.881931,4.940234
7,A,0,0.9,0.500000,0.570000,0.535000,0.035000,0.148970,0.000000,5.300606
7,C1,avg30,0.9,0.500000,,0.449167,-0.050833,,,
7,C2,0,0.9,0.500000,0.535000,0.490000,-0.010000,0.210173,2.698439,5.520927
7,Baseline,0,1.0,0.450000,0.590000,0.600000,0.150000,0.193819,2.938339,5.393257
7,A,0,1.0,0.450000,0.520000,0.515000,0.065000,0.208367,0.000000,5.801991
7,C1,avg30,1.0,0.450000,,0.429833,-0.020167,,,
7,C2,0,1.0,0.450000,0.485000,0.475000,0.025000,0.233065,2.759670,6.002948
8,Baseline,0,0.0,1.000000,1.000000,1.000000,0.000000,0.064962,2.934638,2.139536
8,A,0,0.0,1.000000,1.000000,1.000000,0.000000,0.347590,0.000000,0.000000
8,C1,avg30,0.0,1.000000,,0.903833,-0.096167,,,
8,C2,0,0.0,1.000000,1.000000,1.000000,0.000000,0.234873,1.806789,1.259225
8,Baseline,0,0.1,0.950000,1.000000,1.000000,0.050000,0.070809,2.931139,2.317788
8,A,0,0.1,0.950000,0.935000,0.970000,0.020000,0.307554,0.000000,0.741260
8,C1,avg30,0.1,0.950000,,0.903667,-0.046333,,,
8,C2,0,0.1,0.950000,0.940000,0.995000,0.045000,0.244583,1.810495,1.548141
8,Baseline,0,0.2,0.855000,1.000000,0.995000,0.140000,0.085656,2.915495,2.604202
8,A,0,0.2,0.855000,0.880000,0.905000,0.050000,0.242986,0.000000,1.457236
8,C1,avg30,0.2,0.855000,,0.882333,0.027333,,,
8,C2,0,0.2,0.855000,0.820000,0.935000,0.080000,0.205672,1.827697,2.027243
8,Baseline,0,0.3,0.820000,0.975000,0.975000,0.155000,0.087981,2.897257,2.944755
8,A,0,0.3,0.820000,0.785000,0.865000,0.045000,0.206683,0.000000,2.176541
8,C1,avg30,0.3,0.820000,,0.849167,0.029167,,,
8,C2,0,0.3,0.820000,0.725000,0.850000,0.030000,0.135951,1.865622,2.606881
8,Baseline,0,0.4,0.760000,0.930000,0.930000,0.170000,0.079499,2.874545,3.328119
8,A,0,0.4,0.760000,0.760000,0.825000,0.065000,0.180918,0.000000,2.874212
8,C1,avg30,0.4,0.760000,,0.797000,0.037000,,,
8,C2,0,0.4,0.760000,0.645000,0.770000,0.010000,0.064365,1.911460,3.199106
8,Baseline,0,0.5,0.695000,0.875000,0.875000,0.180000,0.047232,2.856766,3.746149
8,A,0,0.5,0.695000,0.700000,0.690000,-0.005000,0.059901,0.000000,3.525791
8,C1,avg30,0.5,0.695000,,0.746000,0.051000,,,
8,C2,0,0.5,0.695000,0.620000,0.695000,0.000000,0.114577,1.975553,3.741935
8,Baseline,0,0.6,0.640000,0.820000,0.800000,0.160000,0.039117,2.843284,4.198153
8,A,0,0.6,0.640000,0.650000,0.630000,-0.010000,0.052711,0.000000,4.146531
8,C1,avg30,0.6,0.640000,,0.697000,0.057000,,,
8,C2,0,0.6,0.640000,0.575000,0.635000,-0.005000,0.093614,2.049864,4.281372
8,Baseline,0,0.7,0.615000,0.725000,0.765000,0.150000,0.085852,2.848492,4.670276
8,A,0,0.7,0.615000,0.615000,0.555000,-0.060000,0.106253,0.000000,4.741575
8,C1,avg30,0.7,0.615000,,0.650000,0.035000,,,
8,C2,0,0.7,0.615000,0.530000,0.575000,-0.040000,0.158614,2.125687,4.825083
8,Baseline,0,0.8,0.580000,0.685000,0.720000,0.140000,0.097834,2.867165,5.167485
8,A,0,0.8,0.580000,0.575000,0.525000,-0.055000,0.164590,0.000000,5.316893
8,C1,avg30,0.8,0.580000,,0.611333,0.031333,,,
8,C2,0,0.8,0.580000,0.485000,0.545000,-0.035000,0.222694,2.201255,5.360574
8,Baseline,0,0.9,0.535000,0.640000,0.665000,0.130000,0.149505,2.885628,5.662464
8,A,0,0.9,0.535000,0.540000,0.495000,-0.040000,0.214661,0.000000,5.880941
8,C1,avg30,0.9,0.535000,,0.578333,0.043333,,,
8,C2,0,0.9,0.535000,0.455000,0.510000,-0.025000,0.251317,2.276814,5.891830
8,Baseline,0,1.0,0.515000,0.620000,0.620000,0.105000,0.212742,2.903055,6.155825
8,A,0,1.0,0.515000,0.490000,0.470000,-0.045000,0.239807,0.000000,6.428577
8,C1,avg30,1.0,0.515000,,0.540500,0.025500,,,
8,C2,0,1.0,0.515000,0.425000,0.485000,-0.030000,0.276337,2.351118,6.424619
9,Baseline,0,0.0,1.000000,1.000000,1.000000,0.000000,0.012670,3.543931,3.472724
9,A,0,0.0,1.000000,1.000000,1.000000,0.000000,0.253177,0.000000,0.000000
9,C1,avg30,0.0,1.000000,,0.832333,-0.167667,,,
9,C2,0,0.0,1.000000,0.515000,0.790000,-0.210000,0.342966,3.893308,1.656670
9,Baseline,0,0.1,1.000000,1.000000,1.000000,0.000000,0.013850,3.516908,3.505230
9,A,0,0.1,1.000000,0.995000,1.000000,0.000000,0.262684,0.000000,0.635516
9,C1,avg30,0.1,1.000000,,0.821000,-0.179000,,,
9,C2,0,0.1,1.000000,0.570000,0.750000,-0.250000,0.307366,3.877505,1.687270
9,Baseline,0,0.2,0.965000,1.000000,1.000000,0.035000,0.016957,3.439916,3.638202
9,A,0,0.2,0.965000,0.955000,0.950000,-0.015000,0.239479,0.000000,1.325883
9,C1,avg30,0.2,0.965000,,0.801833,-0.163167,,,
9,C2,0,0.2,0.965000,0.665000,0.730000,-0.235000,0.193634,3.857220,1.886073
9,Baseline,0,0.3,0.880000,0.980000,0.990000,0.110000,0.022871,3.362345,3.839605
9,A,0,0.3,0.880000,0.895000,0.890000,0.010000,0.196624,0.000000,2.043350
9,C1,avg30,0.3,0.880000,,0.767167,-0.112833,,,
9,C2,0,0.3,0.880000,0.700000,0.740000,-0.140000,0.152291,3.847848,2.207426
9,Baseline,0,0.4,0.810000,0.950000,0.980000,0.170000,0.021053,3.313923,4.087825
9,A,0,0.4,0.810000,0.850000,0.840000,0.030000,0.166112,0.000000,2.744025
9,C1,avg30,0.4,0.810000,,0.717000,-0.093000,,,
9,C2,0,0.4,0.810000,0.710000,0.705000,-0.105000,0.090368,3.850274,2.637991
9,Baseline,0,0.5,0.730000,0.920000,0.965000,0.235000,0.046239,3.278172,4.358595
9,A,0,0.5,0.730000,0.765000,0.765000,0.035000,0.103705,0.000000,3.411236
9,C1,avg30,0.5,0.730000,,0.667000,-0.063000,,,
9,C2,0,0.5,0.730000,0.690000,0.670000,-0.060000,0.058593,3.860319,3.112697
9,Baseline,0,0.6,0.675000,0.860000,0.880000,0.205000,0.032662,3.293404,4.702593
9,A,0,0.6,0.675000,0.725000,0.710000,0.035000,0.079739,0.000000,4.047843
9,C1,avg30,0.6,0.675000,,0.615500,-0.059500,,,
9,C2,0,0.6,0.675000,0.680000,0.635000,-0.040000,0.081611,3.878895,3.605405
9,Baseline,0,0.7,0.625000,0.790000,0.835000,0.210000,0.075727,3.319476,5.124777
9,A,0,0.7,0.625000,0.690000,0.630000,0.005000,0.067485,0.000000,4.662153
9,C1,avg30,0.7,0.625000,,0.577500,-0.047500,,,
9,C2,0,0.7,0.625000,0.670000,0.605000,-0.020000,0.126382,3.900262,4.111942
9,Baseline,0,0.8,0.560000,0.720000,0.730000,0.170000,0.122620,3.368797,5.596482
9,A,0,0.8,0.560000,0.635000,0.555000,-0.005000,0.162887,0.000000,5.261547
9,C1,avg30,0.8,0.560000,,0.539667,-0.020333,,,
9,C2,0,0.8,0.560000,0.625000,0.570000,0.010000,0.161000,3.917565,4.623980
9,Baseline,0,0.9,0.520000,0.675000,0.675000,0.155000,0.186003,3.423191,6.084145
9,A,0,0.9,0.520000,0.590000,0.520000,0.000000,0.178126,0.000000,5.853459
9,C1,avg30,0.9,0.520000,,0.508500,-0.011500,,,
9,C2,0,0.9,0.520000,0.610000,0.525000,0.005000,0.185767,3.937179,5.106919
9,Baseline,0,1.0,0.500000,0.615000,0.615000,0.115000,0.219184,3.475045,6.577281
9,A,0,1.0,0.500000,0.555000,0.470000,-0.030000,0.223112,0.000000,6.438202
9,C1,avg30,1.0,0.500000,,0.483500,-0.016500,,,
9,C2,0,1.0,0.500000,0.580000,0.500000,0.000000,0.211835,3.962672,5.586012
10,Baseline,0,0.0,1.000000,1.000000,1.000000,0.000000,0.284468,2.614540,1.717559
10,A,0,0.0,1.000000,1.000000,1.000000,0.000000,0.432302,0.000000,0.000000
10,C1,avg30,0.0,1.000000,,0.771333,-0.228667,,,
10,C2,0,0.0,1.000000,0.425000,0.425000,-0.575000,0.299245,3.115186,1.787937
10,Baseline,0,0.1,0.885000,1.000000,0.980000,0.095000,0.269294,2.596297,1.816035
10,A,0,0.1,0.885000,0.920000,0.865000,-0.020000,0.304211,0.000000,0.568917
10,C1,avg30,0.1,0.885000,,0.756667,-0.128333,,,
10,C2,0,0.1,0.885000,0.565000,0.465000,-0.420000,0.253744,3.075336,1.894634
10,Baseline,0,0.2,0.825000,0.980000,0.895000,0.070000,0.188274,2.552416,2.033839
10,A,0,0.2,0.825000,0.860000,0.810000,-0.015000,0.258117,0.000000,1.107798
10,C1,avg30,0.2,0.825000,,0.730333,-0.094667,,,
10,C2,0,0.2,0.825000,0.625000,0.485000,-0.340000,0.209239,3.020658,2.127603
10,Baseline,0,0.3,0.780000,0.950000,0.850000,0.070000,0.149198,2.496491,2.303125
10,A,0,0.3,0.780000,0.805000,0.745000,-0.035000,0.196179,0.000000,1.648987
10,C1,avg30,0.3,0.780000,,0.699833,-0.080167,,,
10,C2,0,0.3,0.780000,0.620000,0.495000,-0.285000,0.193434,2.965983,2.422116
10,Baseline,0,0.4,0.735000,0.920000,0.815000,0.080000,0.125947,2.445056,2.596545
10,A,0,0.4,0.735000,0.735000,0.700000,-0.035000,0.167648,0.000000,2.177336
10,C1,avg30,0.4,0.735000,,0.658000,-0.077000,,,
10,C2,0,0.4,0.735000,0.610000,0.485000,-0.250000,0.181748,2.918646,2.776532
10,Baseline,0,0.5,0.660000,0.810000,0.765000,0.105000,0.092923,2.407236,2.907194
10,A,0,0.5,0.660000,0.685000,0.650000,-0.010000,0.101125,0.000000,2.686581
10,C1,avg30,0.5,0.660000,,0.612000,-0.048000,,,
10,C2,0,0.5,0.660000,0.615000,0.500000,-0.160000,0.216639,2.898456,3.171534
10,Baseline,0,0.6,0.610000,0.715000,0.705000,0.095000,0.059576,2.390837,3.218875
10,A,0,0.6,0.610000,0.665000,0.575000,-0.035000,0.076174,0.000000,3.185082
10,C1,avg30,0.6,0.610000,,0.562500,-0.047500,,,
10,C2,0,0.6,0.610000,0.600000,0.470000,-0.140000,0.206386,2.908065,3.607982
10,Baseline,0,0.7,0.540000,0.680000,0.675000,0.135000,0.043835,2.396049,3.550546
10,A,0,0.7,0.540000,0.630000,0.525000,-0.015000,0.085023,0.000000,3.672110
10,C1,avg30,0.7,0.540000,,0.521167,-0.018833,,,
10,C2,0,0.7,0.540000,0.550000,0.445000,-0.095000,0.230107,2.933026,4.060961
10,Baseline,0,0.8,0.500000,0.635000,0.595000,0.095000,0.068638,2.418378,3.907613
10,A,0,0.8,0.500000,0.590000,0.505000,0.005000,0.122992,0.000000,4.145524
10,C1,avg30,0.8,0.500000,,0.484500,-0.015500,,,
10,C2,0,0.8,0.500000,0.525000,0.420000,-0.080000,0.256851,2.967670,4.508359
10,Baseline,0,0.9,0.475000,0.585000,0.555000,0.080000,0.099938,2.452231,4.254208
10,A,0,0.9,0.475000,0.555000,0.460000,-0.015000,0.162279,0.000000,4.605649
10,C1,avg30,0.9,0.475000,,0.449500,-0.025500,,,
10,C2,0,0.9,0.475000,0.505000,0.425000,-0.050000,0.253089,3.004453,4.934319
10,Baseline,0,1.0,0.450000,0.555000,0.505000,0.055000,0.159234,2.498764,4.612693
10,A,0,1.0,0.450000,0.505000,0.425000,-0.025000,0.200697,0.000000,5.055959
10,C1,avg30,1.0,0.450000,,0.420500,-0.029500,,,
10,C2,0,1.0,0.450000,0.495000,0.380000,-0.070000,0.308264,3.043485,5.355690
11,Baseline,0,0.0,1.000000,1.000000,1.000000,0.000000,0.090590,2.955871,2.130936
11,A,0,0.0,1.000000,1.000000,1.000000,0.000000,0.258299,0.000000,0.000000
11,C1,avg30,0.0,1.000000,,0.696500,-0.303500,,,
11,C2,0,0.0,1.000000,1.000000,1.000000,0.000000,0.277024,3.042409,1.663692
11,Baseline,0,0.1,1.000000,1.000000,1.000000,0.000000,0.088462,2.942860,2.217613
11,A,0,0.1,1.000000,1.000000,1.000000,0.000000,0.264729,0.000000,0.694682
11,C1,avg30,0.1,1.000000,,0.686167,-0.313833,,,
11,C2,0,0.1,1.000000,0.985000,0.990000,-0.010000,0.271719,3.037418,1.891388
11,Baseline,0,0.2,0.970000,1.000000,1.000000,0.030000,0.095162,2.916293,2.462484
11,A,0,0.2,0.970000,0.980000,0.980000,0.010000,0.261242,0.000000,1.381908
11,C1,avg30,0.2,0.970000,,0.667167,-0.302833,,,
11,C2,0,0.2,0.970000,0.950000,0.965000,-0.005000,0.246419,3.020643,2.227331
11,Baseline,0,0.3,0.930000,0.985000,0.985000,0.055000,0.104104,2.891305,2.803147
11,A,0,0.3,0.930000,0.940000,0.935000,0.005000,0.238370,0.000000,2.076295
11,C1,avg30,0.3,0.930000,,0.642667,-0.287333,,,
11,C2,0,0.3,0.930000,0.905000,0.930000,0.000000,0.221653,3.004618,2.657717
11,Baseline,0,0.4,0.845000,0.960000,0.965000,0.120000,0.115185,2.870232,3.188500
11,A,0,0.4,0.845000,0.865000,0.875000,0.030000,0.205411,0.000000,2.746222
11,C1,avg30,0.4,0.845000,,0.612000,-0.233000,,,
11,C2,0,0.4,0.845000,0.835000,0.850000,0.005000,0.154335,2.996013,3.152744
11,Baseline,0,0.5,0.790000,0.870000,0.910000,0.120000,0.090402,2.846853,3.567806
11,A,0,0.5,0.790000,0.800000,0.795000,0.005000,0.136840,0.000000,3.374570
11,C1,avg30,0.5,0.790000,,0.578333,-0.211667,,,
11,C2,0,0.5,0.790000,0.800000,0.800000,0.010000,0.116514,2.996659,3.641439
11,Baseline,0,0.6,0.690000,0.765000,0.825000,0.135000,0.075267,2.830791,3.941062
11,A,0,0.6,0.690000,0.715000,0.710000,0.020000,0.070617,0.000000,3.961825
11,C1,avg30,0.6,0.690000,,0.540833,-0.149167,,,
11,C2,0,0.6,0.690000,0.750000,0.745000,0.055000,0.056835,2.996747,4.143906
11,Baseline,0,0.7,0.620000,0.690000,0.745000,0.125000,0.055067,2.837777,4.321179
11,A,0,0.7,0.620000,0.640000,0.650000,0.030000,0.045903,0.000000,4.507674
11,C1,avg30,0.7,0.620000,,0.506833,-0.113167,,,
11,C2,0,0.7,0.620000,0.675000,0.690000,0.070000,0.064006,3.015523,4.625681
11,Baseline,0,0.8,0.570000,0.630000,0.705000,0.135000,0.091762,2.866517,4.717643
11,A,0,0.8,0.570000,0.615000,0.580000,0.010000,0.088590,0.000000,5.030139
11,C1,avg30,0.8,0.570000,,0.478833,-0.091167,,,
11,C2,0,0.8,0.570000,0.615000,0.655000,0.085000,0.126954,3.057686,5.087295
11,Baseline,0,0.9,0.540000,0.590000,0.645000,0.105000,0.134457,2.895477,5.120196
11,A,0,0.9,0.540000,0.580000,0.520000,-0.020000,0.142156,0.000000,5.538864
11,C1,avg30,0.9,0.540000,,0.453333,-0.086667,,,
11,C2,0,0.9,0.540000,0.585000,0.580000,0.040000,0.124933,3.109470,5.562093
11,Baseline,0,1.0,0.495000,0.545000,0.595000,0.100000,0.186463,2.927232,5.533074
11,A,0,1.0,0.495000,0.550000,0.485000,-0.010000,0.186615,0.000000,6.031003
11,C1,avg30,1.0,0.495000,,0.427167,-0.067833,,,
11,C2,0,1.0,0.495000,0.545000,0.550000,0.055000,0.161709,3.160499,6.023551
12,Baseline,0,0.0,1.000000,1.000000,1.000000,0.000000,0.089601,2.632529,1.959926
12,A,0,0.0,1.000000,1.000000,1.000000,0.000000,0.256830,0.000000,0.000000
12,C1,avg30,0.0,1.000000,,0.671000,-0.329000,,,
12,C2,0,0.0,1.000000,0.770000,0.770000,-0.230000,0.227197,3.426324,1.940155
12,Baseline,0,0.1,0.995000,1.000000,1.000000,0.005000,0.097726,2.617905,2.076551
12,A,0,0.1,0.995000,0.975000,0.980000,-0.015000,0.250772,0.000000,0.676660
12,C1,avg30,0.1,0.995000,,0.671333,-0.323667,,,
12,C2,0,0.1,0.995000,0.770000,0.770000,-0.225000,0.200269,3.422589,2.031655
12,Baseline,0,0.2,0.940000,1.000000,1.000000,0.060000,0.112281,2.605954,2.320549
12,A,0,0.2,0.940000,0.910000,0.925000,-0.015000,0.205376,0.000000,1.327816
12,C1,avg30,0.2,0.940000,,0.655000,-0.285000,,,
12,C2,0,0.2,0.940000,0.775000,0.755000,-0.185000,0.146099,3.414550,2.339897
12,Baseline,0,0.3,0.875000,0.975000,0.990000,0.115000,0.126674,2.602099,2.665842
12,A,0,0.3,0.875000,0.850000,0.845000,-0.030000,0.132420,0.000000,1.955132
12,C1,avg30,0.3,0.875000,,0.630500,-0.244500,,,
12,C2,0,0.3,0.875000,0.775000,0.720000,-0.155000,0.103222,3.397625,2.764877
12,Baseline,0,0.4,0.800000,0.920000,0.960000,0.160000,0.122826,2.609600,3.084813
12,A,0,0.4,0.800000,0.795000,0.790000,-0.010000,0.106678,0.000000,2.583203
12,C1,avg30,0.4,0.800000,,0.605000,-0.195000,,,
12,C2,0,0.4,0.800000,0.740000,0.665000,-0.135000,0.070615,3.376341,3.263998
12,Baseline,0,0.5,0.720000,0.845000,0.905000,0.185000,0.104491,2.628232,3.550442
12,A,0,0.5,0.720000,0.725000,0.725000,0.005000,0.062495,0.000000,3.224565
12,C1,avg30,0.5,0.720000,,0.575000,-0.145000,,,
12,C2,0,0.5,0.720000,0.665000,0.640000,-0.080000,0.081860,3.368019,3.774582
12,Baseline,0,0.6,0.640000,0.775000,0.875000,0.235000,0.084333,2.674944,4.018602
12,A,0,0.6,0.640000,0.650000,0.650000,0.010000,0.096502,0.000000,3.850344
12,C1,avg30,0.6,0.640000,,0.542667,-0.097333,,,
12,C2,0,0.6,0.640000,0.630000,0.615000,-0.025000,0.091941,3.366570,4.300762
12,Baseline,0,0.7,0.580000,0.715000,0.815000,0.235000,0.069802,2.731508,4.510145
12,A,0,0.7,0.580000,0.630000,0.590000,0.010000,0.124795,0.000000,4.458557
12,C1,avg30,0.7,0.580000,,0.505167,-0.074833,,,
12,C2,0,0.7,0.580000,0.575000,0.595000,0.015000,0.130386,3.377529,4.825849
12,Baseline,0,0.8,0.540000,0.610000,0.755000,0.215000,0.061891,2.791239,5.004387
12,A,0,0.8,0.540000,0.585000,0.525000,-0.015000,0.193893,0.000000,5.040297
12,C1,avg30,0.8,0.540000,,0.476500,-0.063500,,,
12,C2,0,0.8,0.540000,0.550000,0.545000,0.005000,0.166485,3.401806,5.343621
12,Baseline,0,0.9,0.500000,0.565000,0.665000,0.165000,0.103059,2.853738,5.499325
12,A,0,0.9,0.500000,0.520000,0.505000,0.005000,0.209608,0.000000,5.603648
12,C1,avg30,0.9,0.500000,,0.452667,-0.047333,,,
12,C2,0,0.9,0.500000,0.520000,0.530000,0.030000,0.193253,3.430758,5.854433
12,Baseline,0,1.0,0.475000,0.515000,0.615000,0.140000,0.132493,2.910622,6.003269
12,A,0,1.0,0.475000,0.490000,0.475000,0.000000,0.234913,0.000000,6.147286
12,C1,avg30,1.0,0.475000,,0.424000,-0.051000,,,
12,C2,0,1.0,0.475000,0.495000,0.490000,0.015000,0.246441,3.461523,6.351073
13,Baseline,0,0.0,1.000000,1.000000,1.000000,0.000000,0.138660,3.449523,2.767306
13,A,0,0.0,1.000000,1.000000,1.000000,0.000000,0.249979,0.000000,0.000000
13,C1,avg30,0.0,1.000000,,0.661333,-0.338667,,,
13,C2,0,0.0,1.000000,0.805000,0.805000,-0.195000,0.339194,2.694547,2.015943
13,Baseline,0,0.1,0.975000,1.000000,1.000000,0.025000,0.138545,3.434414,2.783567
13,A,0,0.1,0.975000,0.980000,0.980000,0.005000,0.239882,0.000000,0.748193
13,C1,avg30,0.1,0.975000,,0.661333,-0.313667,,,
13,C2,0,0.1,0.975000,0.730000,0.775000,-0.200000,0.216086,2.683763,2.144466
13,Baseline,0,0.2,0.930000,0.965000,1.000000,0.070000,0.144193,3.404356,2.879376
13,A,0,0.2,0.930000,0.915000,0.925000,-0.005000,0.214932,0.000000,1.458747
13,C1,avg30,0.2,0.930000,,0.637000,-0.293000,,,
13,C2,0,0.2,0.930000,0.715000,0.695000,-0.235000,0.109431,2.658358,2.448357
13,Baseline,0,0.3,0.865000,0.955000,0.990000,0.125000,0.144129,3.373587,3.042375
13,A,0,0.3,0.865000,0.880000,0.875000,0.010000,0.172321,0.000000,2.155622
13,C1,avg30,0.3,0.865000,,0.615167,-0.249833,,,
13,C2,0,0.3,0.865000,0.715000,0.665000,-0.200000,0.100138,2.636873,2.847380
13,Baseline,0,0.4,0.785000,0.900000,0.960000,0.175000,0.131408,3.351636,3.267771
13,A,0,0.4,0.785000,0.780000,0.805000,0.020000,0.134139,0.000000,2.826597
13,C1,avg30,0.4,0.785000,,0.590667,-0.194333,,,
13,C2,0,0.4,0.785000,0.695000,0.645000,-0.140000,0.105256,2.618106,3.304009
13,Baseline,0,0.5,0.715000,0.825000,0.890000,0.175000,0.098377,3.336533,3.572261
13,A,0,0.5,0.715000,0.725000,0.750000,0.035000,0.090962,0.000000,3.467180
13,C1,avg30,0.5,0.715000,,0.565000,-0.150000,,,
13,C2,0,0.5,0.715000,0.665000,0.615000,-0.100000,0.125566,2.602955,3.802901
13,Baseline,0,0.6,0.665000,0.780000,0.845000,0.180000,0.086777,3.327548,3.942745
13,A,0,0.6,0.665000,0.675000,0.670000,0.005000,0.054850,0.000000,4.077260
13,C1,avg30,0.6,0.665000,,0.537000,-0.128000,,,
13,C2,0,0.6,0.665000,0.650000,0.580000,-0.085000,0.159762,2.600226,4.316024
13,Baseline,0,0.7,0.620000,0.735000,0.755000,0.135000,0.042224,3.324244,4.356948
13,A,0,0.7,0.620000,0.635000,0.620000,0.000000,0.060321,0.000000,4.668215
13,C1,avg30,0.7,0.620000,,0.500333,-0.119667,,,
13,C2,0,0.7,0.620000,0.655000,0.575000,-0.045000,0.166924,2.614960,4.840309
13,Baseline,0,0.8,0.570000,0.660000,0.675000,0.105000,0.100903,3.328913,4.826246
13,A,0,0.8,0.570000,0.605000,0.560000,-0.010000,0.129265,0.000000,5.233944
13,C1,avg30,0.8,0.570000,,0.471833,-0.098167,,,
13,C2,0,0.8,0.570000,0.620000,0.565000,-0.005000,0.195173,2.643248,5.367134
13,Baseline,0,0.9,0.530000,0.620000,0.620000,0.090000,0.161023,3.340189,5.324922
13,A,0,0.9,0.530000,0.570000,0.525000,-0.005000,0.169202,0.000000,5.783799
13,C1,avg30,0.9,0.530000,,0.448833,-0.081167,,,
13,C2,0,0.9,0.530000,0.580000,0.530000,0.000000,0.214603,2.676487,5.902240
13,Baseline,0,1.0,0.500000,0.580000,0.615000,0.115000,0.163157,3.357507,5.824956
13,A,0,1.0,0.500000,0.545000,0.490000,-0.010000,0.209354,0.000000,6.327880
13,C1,avg30,1.0,0.500000,,0.429333,-0.070667,,,
13,C2,0,1.0,0.500000,0.560000,0.510000,0.010000,0.245371,2.707408,6.445647
14,Baseline,0,0.0,0.790000,0.845000,1.000000,0.210000,0.149461,3.702821,3.626670
14,A,0,0.0,0.790000,0.790000,0.790000,0.000000,0.458721,0.000000,0.000000
14,C1,avg30,0.0,0.790000,,0.609333,-0.180667,,,
14,C2,0,0.0,0.790000,0.845000,0.845000,0.055000,0.329222,2.208731,1.205040
14,Baseline,0,0.1,0.765000,0.910000,0.960000,0.195000,0.135150,3.703161,3.635737
14,A,0,0.1,0.765000,0.755000,0.770000,0.005000,0.343646,0.000000,0.507919
14,C1,avg30,0.1,0.765000,,0.605667,-0.159333,,,
14,C2,0,0.1,0.765000,0.815000,0.805000,0.040000,0.221702,2.233515,1.278386
14,Baseline,0,0.2,0.725000,0.905000,0.935000,0.210000,0.127716,3.679507,3.704636
14,A,0,0.2,0.725000,0.715000,0.710000,-0.015000,0.153065,0.000000,1.005359
14,C1,avg30,0.2,0.725000,,0.580667,-0.144333,,,
14,C2,0,0.2,0.725000,0.750000,0.730000,0.005000,0.143140,2.288707,1.535828
14,Baseline,0,0.3,0.700000,0.890000,0.925000,0.225000,0.110848,3.634314,3.772590
14,A,0,0.3,0.700000,0.660000,0.690000,-0.010000,0.113110,0.000000,1.505289
14,C1,avg30,0.3,0.700000,,0.552500,-0.147500,,,
14,C2,0,0.3,0.700000,0.670000,0.710000,0.010000,0.120326,2.356852,1.901779
14,Baseline,0,0.4,0.670000,0.870000,0.910000,0.240000,0.111460,3.579358,3.916555
14,A,0,0.4,0.670000,0.620000,0.630000,-0.040000,0.063149,0.000000,2.004658
14,C1,avg30,0.4,0.670000,,0.527167,-0.142833,,,
14,C2,0,0.4,0.670000,0.575000,0.635000,-0.035000,0.083366,2.424724,2.286579
14,Baseline,0,0.5,0.625000,0.790000,0.875000,0.250000,0.098349,3.540844,4.038683
14,A,0,0.5,0.625000,0.545000,0.575000,-0.050000,0.077591,0.000000,2.480876
14,C1,avg30,0.5,0.625000,,0.501333,-0.123667,,,
14,C2,0,0.5,0.625000,0.535000,0.595000,-0.030000,0.052899,2.500310,2.723151
14,Baseline,0,0.6,0.580000,0.735000,0.825000,0.245000,0.070930,3.549051,4.170041
14,A,0,0.6,0.580000,0.520000,0.535000,-0.045000,0.101922,0.000000,2.938330
14,C1,avg30,0.6,0.580000,,0.478833,-0.101167,,,
14,C2,0,0.6,0.580000,0.490000,0.535000,-0.045000,0.083925,2.571926,3.178248
14,Baseline,0,0.7,0.535000,0.665000,0.765000,0.230000,0.049535,3.580844,4.350390
14,A,0,0.7,0.535000,0.490000,0.510000,-0.025000,0.128033,0.000000,3.385983
14,C1,avg30,0.7,0.535000,,0.451167,-0.083833,,,
14,C2,0,0.7,0.535000,0.465000,0.490000,-0.045000,0.147433,2.652575,3.619281
14,Baseline,0,0.8,0.510000,0.625000,0.700000,0.190000,0.048374,3.625768,4.588197
14,A,0,0.8,0.510000,0.450000,0.480000,-0.030000,0.165360,0.000000,3.820167
14,C1,avg30,0.8,0.510000,,0.430500,-0.079500,,,
14,C2,0,0.8,0.510000,0.430000,0.450000,-0.060000,0.215355,2.740454,4.049749
14,Baseline,0,0.9,0.490000,0.580000,0.630000,0.140000,0.125358,3.684581,4.883481
14,A,0,0.9,0.490000,0.425000,0.465000,-0.025000,0.190290,0.000000,4.248879
14,C1,avg30,0.9,0.490000,,0.414500,-0.075500,,,
14,C2,0,0.9,0.490000,0.415000,0.430000,-0.060000,0.252446,2.826001,4.475271
14,Baseline,0,1.0,0.470000,0.545000,0.595000,0.125000,0.156522,3.736670,5.196422
14,A,0,1.0,0.470000,0.395000,0.445000,-0.025000,0.222386,0.000000,4.675198
14,C1,avg30,1.0,0.470000,,0.399500,-0.070500,,,
14,C2,0,1.0,0.470000,0.385000,0.415000,-0.055000,0.289097,2.910250,4.899819
15,Baseline,0,0.0,0.595000,0.785000,0.785000,0.190000,0.285385,1.876395,0.678770
15,A,0,0.0,0.595000,0.595000,0.595000,0.000000,0.212507,0.000000,0.000000
15,C1,avg30,0.0,0.595000,,0.742833,0.147833,,,
15,C2,0,0.0,0.595000,0.555000,0.350000,-0.245000,0.409035,3.130193,1.709772
15,Baseline,0,0.1,0.650000,0.815000,0.820000,0.170000,0.252533,1.875791,0.785332
15,A,0,0.1,0.650000,0.640000,0.650000,0.000000,0.249906,0.000000,0.352934
15,C1,avg30,0.1,0.650000,,0.739000,0.089000,,,
15,C2,0,0.1,0.650000,0.500000,0.350000,-0.300000,0.398311,3.136129,1.738858
15,Baseline,0,0.2,0.705000,0.860000,0.860000,0.155000,0.233206,1.892282,1.004060
15,A,0,0.2,0.705000,0.655000,0.675000,-0.030000,0.186679,0.000000,0.722843
15,C1,avg30,0.2,0.705000,,0.734167,0.029167,,,
15,C2,0,0.2,0.705000,0.505000,0.395000,-0.310000,0.316484,3.149015,1.852420
15,Baseline,0,0.3,0.705000,0.830000,0.855000,0.150000,0.228663,1.921471,1.263492
15,A,0,0.3,0.705000,0.660000,0.680000,-0.025000,0.199849,0.000000,1.097980
15,C1,avg30,0.3,0.705000,,0.712667,0.007667,,,
15,C2,0,0.3,0.705000,0.545000,0.425000,-0.280000,0.242536,3.171911,2.035059
15,Baseline,0,0.4,0.670000,0.785000,0.845000,0.175000,0.224094,1.966886,1.547023
15,A,0,0.4,0.670000,0.645000,0.650000,-0.020000,0.133588,0.000000,1.480986
15,C1,avg30,0.4,0.670000,,0.672000,0.002000,,,
15,C2,0,0.4,0.670000,0.535000,0.435000,-0.235000,0.208469,3.194442,2.255249
15,Baseline,0,0.5,0.585000,0.750000,0.760000,0.175000,0.145619,2.020892,1.845902
15,A,0,0.5,0.585000,0.600000,0.620000,0.035000,0.133561,0.000000,1.858498
15,C1,avg30,0.5,0.585000,,0.627333,0.042333,,,
15,C2,0,0.5,0.585000,0.515000,0.465000,-0.120000,0.179901,3.221831,2.532029
15,Baseline,0,0.6,0.550000,0.675000,0.710000,0.160000,0.098233,2.081472,2.153689
15,A,0,0.6,0.550000,0.525000,0.585000,0.035000,0.125657,0.000000,2.233391
15,C1,avg30,0.6,0.550000,,0.592333,0.042333,,,
15,C2,0,0.6,0.550000,0.505000,0.455000,-0.095000,0.189115,3.251162,2.834740
15,Baseline,0,0.7,0.510000,0.645000,0.680000,0.170000,0.102402,2.161777,2.473048
15,A,0,0.7,0.510000,0.500000,0.535000,0.025000,0.109666,0.000000,2.598181
15,C1,avg30,0.7,0.510000,,0.555000,0.045000,,,
15,C2,0,0.7,0.510000,0.485000,0.455000,-0.055000,0.186624,3.296141,3.144470
15,Baseline,0,0.8,0.485000,0.610000,0.605000,0.120000,0.073440,2.254045,2.797634
15,A,0,0.8,0.485000,0.480000,0.500000,0.015000,0.110341,0.000000,2.950960
15,C1,avg30,0.8,0.485000,,0.525333,0.040333,,,
15,C2,0,0.8,0.485000,0.470000,0.465000,-0.020000,0.203207,3.332037,3.451116
15,Baseline,0,0.9,0.465000,0.555000,0.560000,0.095000,0.101070,2.346599,3.126243
15,A,0,0.9,0.465000,0.455000,0.480000,0.015000,0.118845,0.000000,3.295456
15,C1,avg30,0.9,0.465000,,0.490000,0.025000,,,
15,C2,0,0.9,0.465000,0.460000,0.445000,-0.020000,0.223462,3.364342,3.764377
15,Baseline,0,1.0,0.430000,0.500000,0.540000,0.110000,0.117441,2.435452,3.455182
15,A,0,1.0,0.430000,0.440000,0.460000,0.030000,0.149376,0.000000,3.633732
15,C1,avg30,1.0,0.430000,,0.457833,0.027833,,,
15,C2,0,1.0,0.430000,0.450000,0.440000,0.010000,0.224328,3.395762,4.080494
16,Baseline,0,0.0,1.000000,1.000000,1.000000,0.000000,0.048102,3.278666,2.105615
16,A,0,0.0,1.000000,1.000000,1.000000,0.000000,0.186492,0.000000,0.000000
16,C1,avg30,0.0,1.000000,,0.741667,-0.258333,,,
16,C2,0,0.0,1.000000,1.000000,0.795000,-0.205000,0.148739,3.015756,1.832974
16,Baseline,0,0.1,1.000000,1.000000,1.000000,0.000000,0.054178,3.261017,2.195775
16,A,0,0.1,1.000000,1.000000,1.000000,0.000000,0.194195,0.000000,0.661193
16,C1,avg30,0.1,1.000000,,0.741000,-0.259000,,,
16,C2,0,0.1,1.000000,0.990000,0.795000,-0.205000,0.150343,2.987122,1.962627
16,Baseline,0,0.2,0.995000,1.000000,1.000000,0.005000,0.064543,3.228601,2.426363
16,A,0,0.2,0.995000,0.985000,0.990000,-0.005000,0.204360,0.000000,1.309967
16,C1,avg30,0.2,0.995000,,0.734500,-0.260500,,,
16,C2,0,0.2,0.995000,0.965000,0.800000,-0.195000,0.125909,2.943993,2.253871
16,Baseline,0,0.3,0.925000,0.990000,0.995000,0.070000,0.073135,3.185961,2.721134
16,A,0,0.3,0.925000,0.955000,0.945000,0.020000,0.188647,0.000000,1.956805
16,C1,avg30,0.3,0.925000,,0.720333,-0.204667,,,
16,C2,0,0.3,0.925000,0.925000,0.815000,-0.110000,0.066749,2.890026,2.664754
16,Baseline,0,0.4,0.850000,0.975000,0.985000,0.135000,0.083781,3.135674,3.057700
16,A,0,0.4,0.850000,0.880000,0.880000,0.030000,0.144782,0.000000,2.585245
16,C1,avg30,0.4,0.850000,,0.693667,-0.156333,,,
16,C2,0,0.4,0.850000,0.885000,0.825000,-0.025000,0.050074,2.852946,3.126821
16,Baseline,0,0.5,0.825000,0.880000,0.925000,0.100000,0.056835,3.082101,3.448436
16,A,0,0.5,0.825000,0.810000,0.825000,0.000000,0.110185,0.000000,3.200059
16,C1,avg30,0.5,0.825000,,0.660333,-0.164667,,,
16,C2,0,0.5,0.825000,0.795000,0.810000,-0.015000,0.074201,2.835959,3.662298
16,Baseline,0,0.6,0.750000,0.805000,0.875000,0.125000,0.032773,3.036541,3.872660
16,A,0,0.6,0.750000,0.740000,0.770000,0.020000,0.073443,0.000000,3.805970
16,C1,avg30,0.6,0.750000,,0.623333,-0.126667,,,
16,C2,0,0.6,0.750000,0.740000,0.770000,0.020000,0.063812,2.833270,4.191913
16,Baseline,0,0.7,0.690000,0.750000,0.830000,0.140000,0.056276,2.998855,4.304564
16,A,0,0.7,0.690000,0.665000,0.680000,-0.010000,0.073332,0.000000,4.388759
16,C1,avg30,0.7,0.690000,,0.582667,-0.107333,,,
16,C2,0,0.7,0.690000,0.670000,0.715000,0.025000,0.066716,2.832602,4.692204
16,Baseline,0,0.8,0.630000,0.700000,0.775000,0.145000,0.053221,2.971458,4.758121
16,A,0,0.8,0.630000,0.610000,0.625000,-0.005000,0.117622,0.000000,4.959772
16,C1,avg30,0.8,0.630000,,0.546833,-0.083167,,,
16,C2,0,0.8,0.630000,0.610000,0.655000,0.025000,0.159652,2.836894,5.183186
16,Baseline,0,0.9,0.600000,0.650000,0.710000,0.110000,0.107012,2.961069,5.238584
16,A,0,0.9,0.600000,0.555000,0.565000,-0.035000,0.176039,0.000000,5.518474
16,C1,avg30,0.9,0.600000,,0.514333,-0.085667,,,
16,C2,0,0.9,0.600000,0.555000,0.595000,-0.005000,0.170212,2.850762,5.683476
16,Baseline,0,1.0,0.560000,0.600000,0.655000,0.095000,0.147967,2.971094,5.733840
16,A,0,1.0,0.560000,0.505000,0.525000,-0.035000,0.210672,0.000000,6.069880
16,C1,avg30,1.0,0.560000,,0.490833,-0.069167,,,
16,C2,0,1.0,0.560000,0.540000,0.575000,0.015000,0.193951,2.888107,6.191392
17,Baseline,0,0.0,1.000000,1.000000,1.000000,0.000000,0.114829,3.048593,1.794419
17,A,0,0.0,1.000000,1.000000,1.000000,0.000000,0.254292,0.000000,0.000000
17,C1,avg30,0.0,1.000000,,0.687000,-0.313000,,,
17,C2,0,0.0,1.000000,1.000000,1.000000,0.000000,0.243980,2.992797,2.137374
17,Baseline,0,0.1,1.000000,0.960000,1.000000,0.000000,0.121097,3.021820,1.988565
17,A,0,0.1,1.000000,1.000000,1.000000,0.000000,0.262192,0.000000,0.633459
17,C1,avg30,0.1,1.000000,,0.693833,-0.306167,,,
17,C2,0,0.1,1.000000,0.915000,0.900000,-0.100000,0.138311,2.988781,2.299396
17,Baseline,0,0.2,0.965000,0.960000,0.940000,-0.025000,0.071381,2.957997,2.356714
17,A,0,0.2,0.965000,0.990000,0.985000,0.020000,0.278428,0.000000,1.287172
17,C1,avg30,0.2,0.965000,,0.677500,-0.287500,,,
17,C2,0,0.2,0.965000,0.880000,0.905000,-0.060000,0.136170,2.962436,2.604006
17,Baseline,0,0.3,0.905000,0.920000,0.930000,0.025000,0.091385,2.877441,2.740036
17,A,0,0.3,0.905000,0.925000,0.920000,0.015000,0.232743,0.000000,1.961259
17,C1,avg30,0.3,0.905000,,0.653833,-0.251167,,,
17,C2,0,0.3,0.905000,0.845000,0.855000,-0.050000,0.096386,2.916963,2.971344
17,Baseline,0,0.4,0.785000,0.880000,0.905000,0.120000,0.075354,2.828879,3.133320
17,A,0,0.4,0.785000,0.825000,0.870000,0.085000,0.206862,0.000000,2.621703
17,C1,avg30,0.4,0.785000,,0.619333,-0.165667,,,
17,C2,0,0.4,0.785000,0.770000,0.800000,0.015000,0.065805,2.885870,3.419166
17,Baseline,0,0.5,0.695000,0.810000,0.875000,0.180000,0.060951,2.804787,3.555666
17,A,0,0.5,0.695000,0.750000,0.775000,0.080000,0.122920,0.000000,3.260266
17,C1,avg30,0.5,0.695000,,0.585333,-0.109667,,,
17,C2,0,0.5,0.695000,0.715000,0.750000,0.055000,0.042575,2.870708,3.886298
17,Baseline,0,0.6,0.630000,0.725000,0.805000,0.175000,0.026360,2.801249,4.007998
17,A,0,0.6,0.630000,0.690000,0.685000,0.055000,0.054353,0.000000,3.870817
17,C1,avg30,0.6,0.630000,,0.557833,-0.072167,,,
17,C2,0,0.6,0.630000,0.680000,0.715000,0.085000,0.056601,2.879913,4.393431
17,Baseline,0,0.7,0.565000,0.665000,0.735000,0.170000,0.035663,2.813900,4.466041
17,A,0,0.7,0.565000,0.640000,0.625000,0.060000,0.048614,0.000000,4.467788
17,C1,avg30,0.7,0.565000,,0.531500,-0.033500,,,
17,C2,0,0.7,0.565000,0.635000,0.655000,0.090000,0.094616,2.895902,4.882370
17,Baseline,0,0.8,0.525000,0.625000,0.700000,0.175000,0.120199,2.840186,4.940842
17,A,0,0.8,0.525000,0.570000,0.600000,0.075000,0.090676,0.000000,5.049004
17,C1,avg30,0.8,0.525000,,0.502833,-0.022167,,,
17,C2,0,0.8,0.525000,0.605000,0.620000,0.095000,0.116372,2.911302,5.362190
17,Baseline,0,0.9,0.465000,0.570000,0.640000,0.175000,0.133484,2.877014,5.423393
17,A,0,0.9,0.465000,0.525000,0.525000,0.060000,0.145417,0.000000,5.626752
17,C1,avg30,0.9,0.465000,,0.479333,0.014333,,,
17,C2,0,0.9,0.465000,0.570000,0.565000,0.100000,0.189791,2.924572,5.835014
17,Baseline,0,1.0,0.415000,0.535000,0.605000,0.190000,0.174552,2.912529,5.901250
17,A,0,1.0,0.415000,0.490000,0.490000,0.075000,0.195512,0.000000,6.194331
17,C1,avg30,1.0,0.415000,,0.454500,0.039500,,,
17,C2,0,1.0,0.415000,0.540000,0.500000,0.085000,0.219034,2.942737,6.297475
18,Baseline,0,0.0,1.000000,1.000000,1.000000,0.000000,0.113588,3.214990,2.552174
18,A,0,0.0,1.000000,1.000000,1.000000,0.000000,0.251727,0.000000,0.000000
18,C1,avg30,0.0,1.000000,,0.755167,-0.244833,,,
18,C2,0,0.0,1.000000,1.000000,1.000000,0.000000,0.208212,2.818269,2.018066
18,Baseline,0,0.1,1.000000,1.000000,1.000000,0.000000,0.117638,3.207815,2.684280
18,A,0,0.1,1.000000,1.000000,1.000000,0.000000,0.262439,0.000000,0.737097
18,C1,avg30,0.1,1.000000,,0.747167,-0.252833,,,
18,C2,0,0.1,1.000000,1.000000,1.000000,0.000000,0.216531,2.819327,2.312849
18,Baseline,0,0.2,1.000000,1.000000,1.000000,0.000000,0.129688,3.196576,2.965242
18,A,0,0.2,1.000000,1.000000,0.995000,-0.005000,0.289791,0.000000,1.470972
18,C1,avg30,0.2,1.000000,,0.726833,-0.273167,,,
18,C2,0,0.2,1.000000,0.995000,0.995000,-0.005000,0.233202,2.791576,2.808020
18,Baseline,0,0.3,0.985000,0.990000,0.995000,0.010000,0.148369,3.190023,3.303641
18,A,0,0.3,0.985000,0.975000,0.955000,-0.030000,0.288522,0.000000,2.168645
18,C1,avg30,0.3,0.985000,,0.689667,-0.295333,,,
18,C2,0,0.3,0.985000,0.935000,0.955000,-0.030000,0.219744,2.730908,3.330826
18,Baseline,0,0.4,0.875000,0.935000,0.965000,0.090000,0.149800,3.201724,3.712689
18,A,0,0.4,0.875000,0.905000,0.885000,0.010000,0.246209,0.000000,2.828319
18,C1,avg30,0.4,0.875000,,0.643000,-0.232000,,,
18,C2,0,0.4,0.875000,0.875000,0.885000,0.010000,0.186015,2.676319,3.907588
18,Baseline,0,0.5,0.785000,0.890000,0.910000,0.125000,0.126089,3.219778,4.124411
18,A,0,0.5,0.785000,0.825000,0.765000,-0.020000,0.169115,0.000000,3.464373
18,C1,avg30,0.5,0.785000,,0.592833,-0.192167,,,
18,C2,0,0.5,0.785000,0.785000,0.825000,0.040000,0.135235,2.648528,4.515226
18,Baseline,0,0.6,0.720000,0.800000,0.825000,0.105000,0.072710,3.251466,4.545324
18,A,0,0.6,0.720000,0.725000,0.675000,-0.045000,0.104176,0.000000,4.072686
18,C1,avg30,0.6,0.720000,,0.547833,-0.172167,,,
18,C2,0,0.6,0.720000,0.715000,0.730000,0.010000,0.059470,2.649384,5.100383
18,Baseline,0,0.7,0.665000,0.760000,0.735000,0.070000,0.032070,3.298264,4.996611
18,A,0,0.7,0.665000,0.665000,0.625000,-0.040000,0.026463,0.000000,4.665357
18,C1,avg30,0.7,0.665000,,0.507667,-0.157333,,,
18,C2,0,0.7,0.665000,0.640000,0.650000,-0.015000,0.059834,2.670948,5.672065
18,Baseline,0,0.8,0.605000,0.675000,0.655000,0.050000,0.082645,3.356371,5.478443
18,A,0,0.8,0.605000,0.630000,0.570000,-0.035000,0.097496,0.000000,5.242820
18,C1,avg30,0.8,0.605000,,0.472667,-0.132333,,,
18,C2,0,0.8,0.605000,0.590000,0.605000,0.000000,0.091976,2.711665,6.250217
18,Baseline,0,0.9,0.555000,0.615000,0.590000,0.035000,0.138113,3.417093,5.983742
18,A,0,0.9,0.555000,0.580000,0.520000,-0.035000,0.131845,0.000000,5.807197
18,C1,avg30,0.9,0.555000,,0.450833,-0.104167,,,
18,C2,0,0.9,0.555000,0.560000,0.575000,0.020000,0.177207,2.766563,6.815221
18,Baseline,0,1.0,0.510000,0.535000,0.540000,0.030000,0.198678,3.482206,6.507504
18,A,0,1.0,0.510000,0.535000,0.495000,-0.015000,0.167512,0.000000,6.366456
18,C1,avg30,1.0,0.510000,,0.431167,-0.078833,,,
18,C2,0,1.0,0.510000,0.520000,0.520000,0.010000,0.196685,2.826652,7.377544
19,Baseline,0,0.0,1.000000,1.000000,1.000000,0.000000,0.101501,3.534268,2.580519
19,A,0,0.0,1.000000,1.000000,1.000000,0.000000,0.266303,0.000000,0.000000
19,C1,avg30,0.0,1.000000,,0.655500,-0.344500,,,
19,C2,0,0.0,1.000000,0.815000,0.600000,-0.400000,0.375237,2.970939,1.867117
19,Baseline,0,0.1,1.000000,1.000000,1.000000,0.000000,0.103921,3.508130,2.596985
19,A,0,0.1,1.000000,1.000000,1.000000,0.000000,0.270928,0.000000,0.554820
19,C1,avg30,0.1,1.000000,,0.646167,-0.353833,,,
19,C2,0,0.1,1.000000,0.820000,0.600000,-0.400000,0.184875,2.958923,1.969480
19,Baseline,0,0.2,0.990000,0.995000,1.000000,0.010000,0.109293,3.434236,2.668754
19,A,0,0.2,0.990000,0.990000,0.980000,-0.010000,0.266640,0.000000,1.085682
19,C1,avg30,0.2,0.990000,,0.635667,-0.354333,,,
19,C2,0,0.2,0.990000,0.805000,0.610000,-0.380000,0.166316,2.929700,2.207225
19,Baseline,0,0.3,0.950000,0.980000,0.975000,0.025000,0.092594,3.344194,2.802724
19,A,0,0.3,0.950000,0.975000,0.955000,0.005000,0.269019,0.000000,1.642724
19,C1,avg30,0.3,0.950000,,0.620333,-0.329667,,,
19,C2,0,0.3,0.950000,0.755000,0.605000,-0.345000,0.107191,2.891578,2.552863
19,Baseline,0,0.4,0.880000,0.925000,0.955000,0.075000,0.081918,3.265417,2.974479
19,A,0,0.4,0.880000,0.885000,0.885000,0.005000,0.216893,0.000000,2.209720
19,C1,avg30,0.4,0.880000,,0.593667,-0.286333,,,
19,C2,0,0.4,0.880000,0.690000,0.600000,-0.280000,0.123610,2.856497,2.998885
19,Baseline,0,0.5,0.765000,0.880000,0.910000,0.145000,0.072622,3.211136,3.146547
19,A,0,0.5,0.765000,0.785000,0.775000,0.010000,0.131033,0.000000,2.775906
19,C1,avg30,0.5,0.765000,,0.562000,-0.203000,,,
19,C2,0,0.5,0.765000,0.625000,0.545000,-0.220000,0.144902,2.841140,3.452813
19,Baseline,0,0.6,0.690000,0.800000,0.855000,0.165000,0.052553,3.189729,3.320096
19,A,0,0.6,0.690000,0.750000,0.705000,0.015000,0.045033,0.000000,3.328219
19,C1,avg30,0.6,0.690000,,0.535667,-0.154333,,,
19,C2,0,0.6,0.690000,0.585000,0.485000,-0.205000,0.207514,2.848817,3.888853
19,Baseline,0,0.7,0.650000,0.685000,0.770000,0.120000,0.054071,3.207007,3.565527
19,A,0,0.7,0.650000,0.635000,0.645000,-0.005000,0.045512,0.000000,3.861298
19,C1,avg30,0.7,0.650000,,0.511000,-0.139000,,,
19,C2,0,0.7,0.650000,0.520000,0.480000,-0.170000,0.217602,2.869373,4.335215
19,Baseline,0,0.8,0.600000,0.630000,0.740000,0.140000,0.075285,3.239873,3.860314
19,A,0,0.8,0.600000,0.535000,0.600000,0.000000,0.122658,0.000000,4.380031
19,C1,avg30,0.8,0.600000,,0.487333,-0.112667,,,
19,C2,0,0.8,0.600000,0.515000,0.480000,-0.120000,0.232643,2.900143,4.796438
19,Baseline,0,0.9,0.540000,0.590000,0.690000,0.150000,0.117873,3.281303,4.177773
19,A,0,0.9,0.540000,0.505000,0.555000,0.015000,0.148978,0.000000,4.873734
19,C1,avg30,0.9,0.540000,,0.466500,-0.073500,,,
19,C2,0,0.9,0.540000,0.475000,0.465000,-0.075000,0.255205,2.938820,5.237944
19,Baseline,0,1.0,0.485000,0.570000,0.640000,0.155000,0.158509,3.326368,4.499318
19,A,0,1.0,0.485000,0.445000,0.515000,0.030000,0.202734,0.000000,5.355431
19,C1,avg30,1.0,0.485000,,0.444833,-0.040167,,,
19,C2,0,1.0,0.485000,0.440000,0.425000,-0.060000,0.292293,2.983241,5.669585
